Γû▓ Next.js 16.1.1 (Turbopack)
- Environments: .env

  Creating an optimized production build ...
node.exe : 
At line:1 char:1
+ & "C:\Program 
Files\nodejs/node.exe" 
"C:\Users\HP\AppData\Ro
aming\npm ...
+ ~~~~~~~~~~~~~~~~~~~~~
~~~~~~~~~~~~~~~~~~~~~~~
~~~~~~~~~~~~~~~~~~~~~~~
~~
    + CategoryInfo     
         : NotSpecifi  
  ed: (:String) [],    
 RemoteException
    + FullyQualifiedEr 
   rorId : NativeComm  
  andError
 
> Build error occurred
Error: Turbopack build 
failed with 1 errors:
./src/app/globals.css:3
:26101
Module not found: 
Can't resolve 
'&#x27;/grid.svg&'
[0m [90m 1 |[39m 
[90m/*! tailwindcss 
v4.2.1 | MIT License | 
https://tailwindcss.com
 */[39m
 [90m 2 |[39m 
[33m@[39mlayer proper
ties{[33m@[39msupport
s ((([33m-[39mwebkit
[33m-[39mhyphens[33m:
[39mnone)) and (not (m
argin[33m-[39mtrim[3
3m:[39minline))) or ((
[33m-[39mmoz[33m-[3
9morient[33m:[39minli
ne) and (not (color[33
m:[39mrgb([36mfrom[3
9m red r g b)))){[33m*
[39m[33m,[39m[33m:
[39mbefore[33m,[39m[
33m:[39mafter[33m,[3
9m[33m:[39m[33m:[39
mbackdrop{[33m--[39mt
w[33m-[39mtranslate[
33m-[39mx[33m:[39m[
35m0[39m[33m;[39m[3
3m--[39mtw[33m-[39mt
ranslate[33m-[39my[3
3m:[39m[35m0[39m[33
m;[39m[33m--[39mtw[
33m-[39mtranslate[33m
-[39mz[33m:[39m[35m
0[39m[33m;[39m[33m-
-[39mtw[33m-[39mrota
te[33m-[39mx[33m:[3
9minitial[33m;[39m[3
3m--[39mtw[33m-[39mr
otate[33m-[39my[33m:
[39minitial[33m;[39m
[33m--[39mtw[33m-[3
9mrotate[33m-[39mz[3
3m:[39minitial[33m;[
39m[33m--[39mtw[33m-
[39mskew[33m-[39mx[
33m:[39minitial[33m;
[39m[33m--[39mtw[33m
-[39mskew[33m-[39my
[33m:[39minitial[33m;
[39m[33m--[39mtw[33
m-[39mspace[33m-[39m
y[33m-[39mreverse[33
m:[39m[35m0[39m[33m
;[39m[33m--[39mtw[3
3m-[39mborder[33m-[3
9mstyle[33m:[39msolid
[33m;[39m[33m--[39m
tw[33m-[39mgradient[
33m-[39mposition[33m:
[39minitial[33m;[39m
[33m--[39mtw[33m-[3
9mgradient[33m-[39m[
36mfrom[39m[33m:[39m
[33m#[39m[35m0000[3
9m[33m;[39m[33m--[3
9mtw[33m-[39mgradient
[33m-[39mvia[33m:[3
9m[33m#[39m[35m0000
[39m[33m;[39m[33m--
[39mtw[33m-[39mgradie
nt[33m-[39mto[33m:[
39m[33m#[39m[35m0000
[39m[33m;[39m[33m--
[39mtw[33m-[39mgradi
ent[33m-[39mstops[33
m:[39minitial[33m;[3
9m[33m--[39mtw[33m-
[39mgradient[33m-[39m
via[33m-[39mstops[33
m:[39minitial[33m;[3
9m[33m--[39mtw[33m-
[39mgradient[33m-[39m
[36mfrom[39m[33m-[3
9mposition[33m:[39m[
35m0[39m[33m%[39m[3
3m;[39m[33m--[39mtw
[33m-[39mgradient[33m
-[39mvia[33m-[39mpos
ition[33m:[39m[35m50
[39m[33m%[39m[33m;
[39m[33m--[39mtw[33m
-[39mgradient[33m-[3
9mto[33m-[39mposition
[33m:[39m[35m100[39
m[33m%[39m[33m;[39m
[33m--[39mtw[33m-[3
9mleading[33m:[39mini
tial[33m;[39m[33m--
[39mtw[33m-[39mfont[
33m-[39mweight[33m:[
39minitial[33m;[39m[
33m--[39mtw[33m-[39m
tracking[33m:[39minit
ial[33m;[39m[33m--[
39mtw[33m-[39mshadow
[33m:[39m[35m0[39m 
[35m0[39m [33m#[39m
[35m0000[39m[33m;[3
9m[33m--[39mtw[33m-
[39mshadow[33m-[39mco
lor[33m:[39minitial[
33m;[39m[33m--[39mtw
[33m-[39mshadow[33m-
[39malpha[33m:[39m[
35m100[39m[33m%[39m
[33m;[39m[33m--[39mt
w[33m-[39minset[33m-
[39mshadow[33m:[39m
[35m0[39m [35m0[39m 
[33m#[39m[35m0000[3
9m[33m;[39m[33m--[3
9mtw[33m-[39minset[3
3m-[39mshadow[33m-[3
9mcolor[33m:[39miniti
al[33m;[39m[33m--[3
9mtw[33m-[39minset[3
3m-[39mshadow[33m-[3
9malpha[33m:[39m[35m
100[39m[33m%[39m[33
m;[39m[33m--[39mtw[
33m-[39mring[33m-[39
mcolor[33m:[39minitia
l[33m;[39m[33m--[39
mtw[33m-[39mring[33m
-[39mshadow[33m:[39m
[35m0[39m 
[35m0[39m [33m#[39m
[35m0000[39m[33m;[3
9m[33m--[39mtw[33m-
[39minset[33m-[39mrin
g[33m-[39mcolor[33m:
[39minitial[33m;[39m
[33m--[39mtw[33m-[3
9minset[33m-[39mring
[33m-[39mshadow[33m:
[39m[35m0[39m 
[35m0[39m [33m#[39m
[35m0000[39m[33m;[3
9m[33m--[39mtw[33m-
[39mring[33m-[39minse
t[33m:[39minitial[33
m;[39m[33m--[39mtw[
33m-[39mring[33m-[39
moffset[33m-[39mwidth
[33m:[39m[35m0[39mp
x[33m;[39m[33m--[39
mtw[33m-[39mring[33m
-[39moffset[33m-[39m
color[33m:[39m[33m#
[39mfff[33m;[39m[33m
--[39mtw[33m-[39mrin
g[33m-[39moffset[33m
-[39mshadow[33m:[39m
[35m0[39m 
[35m0[39m [33m#[39m
[35m0000[39m[33m;[3
9m[33m--[39mtw[33m-
[39mblur[33m:[39minit
ial[33m;[39m[33m--[
39mtw[33m-[39mbrightn
ess[33m:[39minitial[
33m;[39m[33m--[39mtw
[33m-[39mcontrast[33
m:[39minitial[33m;[3
9m[33m--[39mtw[33m-
[39mgrayscale[33m:[39
minitial[33m;[39m[33
m--[39mtw[33m-[39mhu
e[33m-[39mrotate[33m
:[39minitial[33m;[39
m[33m--[39mtw[33m-[
39minvert[33m:[39mini
tial[33m;[39m[33m--
[39mtw[33m-[39mopacit
y[33m:[39minitial[33
m;[39m[33m--[39mtw[
33m-[39msaturate[33m:
[39minitial[33m;[39m
[33m--[39mtw[33m-[3
9msepia[33m:[39miniti
al[33m;[39m[33m--[3
9mtw[33m-[39mdrop[33
m-[39mshadow[33m:[39
minitial[33m;[39m[33
m--[39mtw[33m-[39mdr
op[33m-[39mshadow[33
m-[39mcolor[33m:[39m
initial[33m;[39m[33m
--[39mtw[33m-[39mdro
p[33m-[39mshadow[33m
-[39malpha[33m:[39m
[35m100[39m[33m%[39m
[33m;[39m[33m--[39m
tw[33m-[39mdrop[33m-
[39mshadow[33m-[39ms
ize[33m:[39minitial[
33m;[39m[33m--[39mtw
[33m-[39mbackdrop[33
m-[39mblur[33m:[39mi
nitial[33m;[39m[33m-
-[39mtw[33m-[39mback
drop[33m-[39mbrightne
ss[33m:[39minitial[3
3m;[39m[33m--[39mtw
[33m-[39mbackdrop[33m
-[39mcontrast[33m:[3
9minitial[33m;[39m[3
3m--[39mtw[33m-[39mb
ackdrop[33m-[39mgrays
cale[33m:[39minitial
[33m;[39m[33m--[39mt
w[33m-[39mbackdrop[3
3m-[39mhue[33m-[39mr
otate[33m:[39minitial
[33m;[39m[33m--[39m
tw[33m-[39mbackdrop[
33m-[39minvert[33m:[
39minitial[33m;[39m[
33m--[39mtw[33m-[39m
backdrop[33m-[39mopac
ity[33m:[39minitial[
33m;[39m[33m--[39mtw
[33m-[39mbackdrop[33
m-[39msaturate[33m:[
39minitial[33m;[39m[
33m--[39mtw[33m-[39m
backdrop[33m-[39msepi
a[33m:[39minitial[33
m;[39m[33m--[39mtw[
33m-[39mduration[33m:
[39minitial[33m;[39m
[33m--[39mtw[33m-[3
9mease[33m:[39minitia
l[33m;[39m[33m--[39
mtw[33m-[39mscale[33
m-[39mx[33m:[39m[35
m1[39m[33m;[39m[33m
--[39mtw[33m-[39msca
le[33m-[39my[33m:[3
9m[35m1[39m[33m;[39
m[33m--[39mtw[33m-[
39mscale[33m-[39mz[3
3m:[39m[35m1[39m[33
m;[39m[33m--[39mtw[
33m-[39mcontent[33m:
[39m[32m""[39m}}}[33
m@[39mlayer theme{[33
m:[39mroot[33m,[39m
[33m:[39mhost{[33m--
[39mfont[33m-[39msans
[33m:[39mui[33m-[39
msans[33m-[39mserif[
33m,[39m system[33m-
[39mui[33m,[39m sans
[33m-[39mserif[33m,[
39m [32m"Apple Color 
Emoji"[39m[33m,[39m 
[32m"Segoe UI 
Emoji"[39m[33m,[39m 
[32m"Segoe UI Symbol"
[39m[33m,[39m 
[32m"Noto Color Emoji"
[39m[33m;[39m[33m--
[39mfont[33m-[39mmon
o[33m:[39mui[33m-[3
9mmonospace[33m,[39m 
[33mSFMono[39m[33m-
[39m[33mRegular[39m[
33m,[39m [33mMenlo[3
9m[33m,[39m [33mMona
co[39m[33m,[39m [33
mConsolas[39m[33m,[3
9m [32m"Liberation 
Mono"[39m[33m,[39m 
[32m"Courier 
New"[39m[33m,[39m mo
nospace[33m;[39m[33m
--[39mcolor[33m-[39m
red[33m-[39m[35m50[
39m[33m:[39moklch([3
5m97.1[39m[33m%[39m 
[35m.013[39m [35m17.
38[39m)[33m;[39m[33
m--[39mcolor[33m-[39
mred[33m-[39m[35m100
[39m[33m:[39moklch(
[35m93.6[39m[33m%[39
m [35m.032[39m [35m1
7.717[39m)[33m;[39m
[33m--[39mcolor[33m-
[39mred[33m-[39m[35m
200[39m[33m:[39moklc
h([35m88.5[39m[33m%
[39m [35m.062[39m [3
5m18.334[39m)[33m;[3
9m[33m--[39mcolor[33
m-[39mred[33m-[39m[
35m400[39m[33m:[39mo
klch([35m70.4[39m[33
m%[39m [35m.191[39m 
[35m22.216[39m)[33m;
[39m[33m--[39mcolor
[33m-[39mred[33m-[39
m[35m500[39m[33m:[3
9moklch([35m63.7[39m
[33m%[39m 
[35m.237[39m [35m25.
331[39m)[33m;[39m[3
3m--[39mcolor[33m-[3
9mred[33m-[39m[35m60
0[39m[33m:[39moklch(
[35m57.7[39m[33m%[3
9m [35m.245[39m [35m
27.325[39m)[33m;[39m
[33m--[39mcolor[33m-
[39mred[33m-[39m[35
m700[39m[33m:[39mokl
ch([35m50.5[39m[33m%
[39m [35m.213[39m [
35m27.518[39m)[33m;[
39m[33m--[39mcolor[3
3m-[39mred[33m-[39m
[35m800[39m[33m:[39m
oklch([35m44.4[39m[3
3m%[39m 
[35m.177[39m [35m26.
899[39m)[33m;[39m[3
3m--[39mcolor[33m-[3
9mred[33m-[39m[35m90
0[39m[33m:[39moklch(
[35m39.6[39m[33m%[3
9m [35m.141[39m [35m
25.723[39m)[33m;[39m
[33m--[39mcolor[33m-
[39morange[33m-[39m
[35m500[39m[33m:[39m
oklch([35m70.5[39m[3
3m%[39m 
[35m.213[39m [35m47.
604[39m)[33m;[39m[3
3m--[39mcolor[33m-[3
9morange[33m-[39m[35
m600[39m[33m:[39mokl
ch([35m64.6[39m[33m%
[39m [35m.222[39m [
35m41.116[39m)[33m;[
39m[33m--[39mcolor[3
3m-[39morange[33m-[3
9m[35m700[39m[33m:[
39moklch([35m55.3[39m
[33m%[39m 
[35m.195[39m [35m38.
402[39m)[33m;[39m[3
3m--[39mcolor[33m-[3
9mamber[33m-[39m[35m
50[39m[33m:[39moklch
([35m98.7[39m[33m%[
39m [35m.022[39m [35
m95.277[39m)[33m;[39
m[33m--[39mcolor[33m
-[39mamber[33m-[39m
[35m200[39m[33m:[39m
oklch([35m92.4[39m[3
3m%[39m [35m.12[39m 
[35m95.746[39m)[33m;
[39m[33m--[39mcolor
[33m-[39mamber[33m-[
39m[35m500[39m[33m:
[39moklch([35m76.9[39
m[33m%[39m 
[35m.188[39m [35m70.
08[39m)[33m;[39m[33
m--[39mcolor[33m-[39
mamber[33m-[39m[35m6
00[39m[33m:[39moklch
([35m66.6[39m[33m%[
39m [35m.179[39m [35
m58.318[39m)[33m;[39
m[33m--[39mcolor[33m
-[39mamber[33m-[39m
[35m900[39m[33m:[39m
oklch([35m41.4[39m[3
3m%[39m 
[35m.112[39m [35m45.
904[39m)[33m;[39m[3
3m--[39mcolor[33m-[3
9mteal[33m-[39m[35m5
0[39m[33m:[39moklch(
[35m98.4[39m[33m%[3
9m [35m.014[39m [35m
180.72[39m)[33m;[39m
[33m--[39mcolor[33m-
[39mteal[33m-[39m[3
5m500[39m[33m:[39mok
lch([35m70.4[39m[33m
%[39m [35m.14[39m [
35m182.503[39m)[33m;
[39m[33m--[39mcolor[
33m-[39mteal[33m-[39
m[35m600[39m[33m:[3
9moklch([35m60[39m[3
3m%[39m 
[35m.118[39m [35m184
.704[39m)[33m;[39m[
33m--[39mcolor[33m-[
39mcyan[33m-[39m[35m
500[39m[33m:[39moklc
h([35m71.5[39m[33m%
[39m [35m.143[39m [3
5m215.221[39m)[33m;[
39m[33m--[39mcolor[3
3m-[39mblue[33m-[39m
[35m50[39m[33m:[39m
oklch([35m97[39m[33m
%[39m [35m.014[39m 
[35m254.604[39m)[33m;
[39m[33m--[39mcolor
[33m-[39mblue[33m-[3
9m[35m100[39m[33m:[
39moklch([35m93.2[39m
[33m%[39m 
[35m.032[39m [35m255
.585[39m)[33m;[39m[
33m--[39mcolor[33m-[
39mblue[33m-[39m[35m
200[39m[33m:[39moklc
h([35m88.2[39m[33m%
[39m [35m.059[39m [3
5m254.128[39m)[33m;[
39m[33m--[39mcolor[3
3m-[39mblue[33m-[39m
[35m300[39m[33m:[39
moklch([35m80.9[39m[
33m%[39m 
[35m.105[39m [35m251
.813[39m)[33m;[39m[
33m--[39mcolor[33m-[
39mblue[33m-[39m[35m
400[39m[33m:[39moklc
h([35m70.7[39m[33m%
[39m [35m.165[39m [3
5m254.624[39m)[33m;[
39m[33m--[39mcolor[3
3m-[39mblue[33m-[39m
[35m500[39m[33m:[39
moklch([35m62.3[39m[
33m%[39m 
[35m.214[39m [35m259
.815[39m)[33m;[39m[
33m--[39mcolor[33m-[
39mblue[33m-[39m[35m
600[39m[33m:[39moklc
h([35m54.6[39m[33m%
[39m [35m.245[39m [3
5m262.881[39m)[33m;[
39m[33m--[39mcolor[3
3m-[39mblue[33m-[39m
[35m700[39m[33m:[39
moklch([35m48.8[39m[
33m%[39m 
[35m.243[39m [35m264
.376[39m)[33m;[39m[
33m--[39mcolor[33m-[
39mblue[33m-[39m[35m
800[39m[33m:[39moklc
h([35m42.4[39m[33m%
[39m [35m.199[39m [3
5m265.638[39m)[33m;[
39m[33m--[39mcolor[3
3m-[39mblue[33m-[39m
[35m900[39m[33m:[39
moklch([35m37.9[39m[
33m%[39m 
[35m.146[39m [35m265
.522[39m)[33m;[39m[
33m--[39mcolor[33m-[
39mpurple[33m-[39m[3
5m600[39m[33m:[39mok
lch([35m55.8[39m[33m
%[39m [35m.288[39m 
[35m302.321[39m)[33m;
[39m[33m--[39mcolor
[33m-[39mslate[33m-[
39m[35m50[39m[33m:[
39moklch([35m98.4[39m
[33m%[39m 
[35m.003[39m [35m247
.858[39m)[33m;[39m[
33m--[39mcolor[33m-[
39mslate[33m-[39m[35
m100[39m[33m:[39mokl
ch([35m96.8[39m[33m%
[39m [35m.007[39m [
35m247.896[39m)[33m;
[39m[33m--[39mcolor[
33m-[39mslate[33m-[3
9m[35m200[39m[33m:[
39moklch([35m92.9[39m
[33m%[39m 
[35m.013[39m [35m255
.508[39m)[33m;[39m[
33m--[39mcolor[33m-[
39mslate[33m-[39m[35
m300[39m[33m:[39mokl
ch([35m86.9[39m[33m%
[39m [35m.022[39m [
35m252.894[39m)[33m;
[39m[33m--[39mcolor[
33m-[39mslate[33m-[3
9m[35m400[39m[33m:[
39moklch([35m70.4[39m
[33m%[39m 
[35m.04[39m [35m256.
788[39m)[33m;[39m[3
3m--[39mcolor[33m-[3
9mslate[33m-[39m[35m
500[39m[33m:[39moklc
h([35m55.4[39m[33m%
[39m [35m.046[39m [3
5m257.417[39m)[33m;[
39m[33m--[39mcolor[3
3m-[39mslate[33m-[39
m[35m600[39m[33m:[3
9moklch([35m44.6[39m
[33m%[39m 
[35m.043[39m [35m257
.281[39m)[33m;[39m[
33m--[39mcolor[33m-[
39mslate[33m-[39m[35
m700[39m[33m:[39mokl
ch([35m37.2[39m[33m%
[39m [35m.044[39m [
35m257.287[39m)[33m;
[39m[33m--[39mcolor[
33m-[39mslate[33m-[3
9m[35m800[39m[33m:[
39moklch([35m27.9[39m
[33m%[39m 
[35m.041[39m [35m260
.031[39m)[33m;[39m[
33m--[39mcolor[33m-[
39mslate[33m-[39m[35
m900[39m[33m:[39mokl
ch([35m20.8[39m[33m%
[39m [35m.042[39m [
35m265.755[39m)[33m;
[39m[33m--[39mcolor[
33m-[39mblack[33m:[3
9m[33m#[39m[35m000[
39m[33m;[39m[33m--[
39mcolor[33m-[39mwhit
e[33m:[39m[33m#[39m
fff[33m;[39m[33m--[
39mspacing[33m:[39m[
35m.25[39mrem[33m;[3
9m[33m--[39mcontainer
[33m-[39msm[33m:[39
m[35m24[39mrem[33m;
[39m[33m--[39mcontain
er[33m-[39m[35m2[39
mxl[33m:[39m[35m42[
39mrem[33m;[39m[33m-
-[39mcontainer[33m-[
39m[35m3[39mxl[33m:
[39m[35m48[39mrem[33
m;[39m[33m--[39mcont
ainer[33m-[39m[35m4
[39mxl[33m:[39m[35m5
6[39mrem[33m;[39m[3
3m--[39mcontainer[33m
-[39m[35m6[39mxl[33
m:[39m[35m72[39mrem
[33m;[39m[33m--[39mc
ontainer[33m-[39m[35
m7[39mxl[33m:[39m[3
5m80[39mrem[33m;[39m
[33m--[39mtext[33m-
[39mxs[33m:[39m[35m.
75[39mrem[33m;[39m[
33m--[39mtext[33m-[3
9mxs[33m--[39mline[3
3m-[39mheight[33m:[3
9mcalc([35m1[39m 
[33m/[39m [35m.75[3
9m)[33m;[39m[33m--[
39mtext[33m-[39msm[3
3m:[39m[35m.875[39mr
em[33m;[39m[33m--[3
9mtext[33m-[39msm[33
m--[39mline[33m-[39m
height[33m:[39mcalc(
[35m1.25[39m 
[33m/[39m [35m.875[
39m)[33m;[39m[33m--
[39mtext[33m-[39mbase
[33m:[39m[35m1[39mr
em[33m;[39m[33m--[3
9mtext[33m-[39mbase[
33m--[39mline[33m-[3
9mheight[33m:[39mcalc
([35m1.5[39m 
[33m/[39m [35m1[39m
)[33m;[39m[33m--[39
mtext[33m-[39mlg[33m
:[39m[35m1.125[39mre
m[33m;[39m[33m--[39
mtext[33m-[39mlg[33m
--[39mline[33m-[39mh
eight[33m:[39mcalc([
35m1.75[39m 
[33m/[39m [35m1.125
[39m)[33m;[39m[33m--
[39mtext[33m-[39mxl
[33m:[39m[35m1.25[39
mrem[33m;[39m[33m--
[39mtext[33m-[39mxl[
33m--[39mline[33m-[3
9mheight[33m:[39mcalc
([35m1.75[39m 
[33m/[39m [35m1.25[
39m)[33m;[39m[33m--
[39mtext[33m-[39m[35
m2[39mxl[33m:[39m[3
5m1.5[39mrem[33m;[39
m[33m--[39mtext[33m-
[39m[35m2[39mxl[33m
--[39mline[33m-[39mh
eight[33m:[39mcalc([
35m2[39m [33m/[39m 
[35m1.5[39m)[33m;[39
m[33m--[39mtext[33m-
[39m[35m3[39mxl[33m
:[39m[35m1.875[39mre
m[33m;[39m[33m--[39
mtext[33m-[39m[35m3
[39mxl[33m--[39mline
[33m-[39mheight[33m:
[39mcalc([35m2.25[39m
 [33m/[39m [35m1.875
[39m)[33m;[39m[33m-
-[39mtext[33m-[39m[
35m4[39mxl[33m:[39m
[35m2.25[39mrem[33m;
[39m[33m--[39mtext[3
3m-[39m[35m4[39mxl[
33m--[39mline[33m-[3
9mheight[33m:[39mcalc
([35m2.5[39m 
[33m/[39m [35m2.25[
39m)[33m;[39m[33m--
[39mtext[33m-[39m[35
m5[39mxl[33m:[39m[3
5m3[39mrem[33m;[39m
[33m--[39mtext[33m-[
39m[35m5[39mxl[33m--
[39mline[33m-[39mhei
ght[33m:[39m[35m1[3
9m[33m;[39m[33m--[3
9mtext[33m-[39m[35m6
[39mxl[33m:[39m[35m
3.75[39mrem[33m;[39m
[33m--[39mtext[33m-
[39m[35m6[39mxl[33m-
-[39mline[33m-[39mhe
ight[33m:[39m[35m1[
39m[33m;[39m[33m--[
39mtext[33m-[39m[35m
7[39mxl[33m:[39m[35
m4.5[39mrem[33m;[39m
[33m--[39mtext[33m-
[39m[35m7[39mxl[33m-
-[39mline[33m-[39mhe
ight[33m:[39m[35m1[
39m[33m;[39m[33m--[
39mfont[33m-[39mweigh
t[33m-[39mmedium[33m
:[39m[35m500[39m[33
m;[39m[33m--[39mfont
[33m-[39mweight[33m-
[39msemibold[33m:[39
m[35m600[39m[33m;[3
9m[33m--[39mfont[33m
-[39mweight[33m-[39m
bold[33m:[39m[35m700
[39m[33m;[39m[33m--
[39mfont[33m-[39mwei
ght[33m-[39mextrabold
[33m:[39m[35m800[39
m[33m;[39m[33m--[39
mtracking[33m-[39mtig
ht[33m:[39m[33m-[39
m[35m.025[39mem[33m;
[39m[33m--[39mtracki
ng[33m-[39mwide[33m:
[39m[35m.025[39mem[
33m;[39m[33m--[39mtr
acking[33m-[39mwider
[33m:[39m[35m.05[39m
em[33m;[39m[33m--[3
9mtracking[33m-[39mwi
dest[33m:[39m[35m.1
[39mem[33m;[39m[33m-
-[39mleading[33m-[39
mtight[33m:[39m[35m1
.25[39m[33m;[39m[33
m--[39mleading[33m-[
39msnug[33m:[39m[35m
1.375[39m[33m;[39m[
33m--[39mleading[33m-
[39mrelaxed[33m:[39m
[35m1.625[39m[33m;[
39m[33m--[39mradius[
33m-[39mmd[33m:[39m
[35m.375[39mrem[33m;
[39m[33m--[39mradius
[33m-[39mlg[33m:[39m
[35m.5[39mrem[33m;[
39m[33m--[39mradius[
33m-[39mxl[33m:[39m
[35m.75[39mrem[33m;[
39m[33m--[39mradius[
33m-[39m[35m2[39mxl
[33m:[39m[35m1[39mre
m[33m;[39m[33m--[39
mradius[33m-[39m[35m
3[39mxl[33m:[39m[35
m1.5[39mrem[33m;[39m
[33m--[39mease[33m-
[39m[36min[39m[33m-
[39mout[33m:[39mcubic
[33m-[39mbezier([35m
.4[39m[33m,[39m 
[35m0[39m[33m,[39m 
[35m.2[39m[33m,[39m
 [35m1[39m)[33m;[39
m[33m--[39manimate[3
3m-[39mspin[33m:[39m
spin [35m1[39ms 
linear infinite[33m;[
39m[33m--[39mblur[33
m-[39msm[33m:[39m[3
5m8[39mpx[33m;[39m[
33m--[39mblur[33m-[3
9m[35m2[39mxl[33m:[
39m[35m40[39mpx[33m;
[39m[33m--[39mblur[
33m-[39m[35m3[39mxl
[33m:[39m[35m64[39mp
x[33m;[39m[33m--[39
m[36mdefault[39m[33m
-[39mtransition[33m-
[39mduration[33m:[39m
[35m.15[39ms[33m;[3
9m[33m--[39m[36mdefa
ult[39m[33m-[39mtran
sition[33m-[39mtiming
[33m-[39m[36mfunctio
n[39m[33m:[39mcubic
[33m-[39mbezier([35m.
4[39m[33m,[39m 
[35m0[39m[33m,[39m 
[35m.2[39m[33m,[39m
 [35m1[39m)[33m;[39
m[33m--[39m[36mdefau
lt[39m[33m-[39mfont
[33m-[39mfamily[33m:
[39m[36mvar[39m([33m
--[39mfont[33m-[39ms
ans)[33m;[39m[33m--
[39m[36mdefault[39m[
33m-[39mmono[33m-[39
mfont[33m-[39mfamily
[33m:[39m[36mvar[39m
([33m--[39mfont[33m-
[39mmono)}}[33m@[39m
layer base{[33m*[39m
[33m,[39m[33m:[39maf
ter[33m,[39m[33m:[3
9mbefore[33m,[39m[33
m:[39m[33m:[39mbackd
rop{box[33m-[39msizin
g[33m:[39mborder[33m
-[39mbox[33m;[39mbor
der[33m:[39m[35m0[3
9m solid[33m;[39mmarg
in[33m:[39m[35m0[39
m[33m;[39mpadding[33
m:[39m[35m0[39m}[33
m:[39m[33m:[39mfile
[33m-[39mselector[33m
-[39mbutton{box[33m-
[39msizing[33m:[39mbo
rder[33m-[39mbox[33m
;[39mborder[33m:[39m
[35m0[39m solid[33m;
[39mmargin[33m:[39m
[35m0[39m[33m;[39mpa
dding[33m:[39m[35m0
[39m}html[33m,[39m[3
3m:[39mhost{[33m-[39
mwebkit[33m-[39mtext
[33m-[39msize[33m-[3
9madjust[33m:[39m[35
m100[39m[33m%[39m[3
3m;[39mtab[33m-[39ms
ize[33m:[39m[35m4[3
9m[33m;[39mline[33m-
[39mheight[33m:[39m
[35m1.5[39m[33m;[39m
font[33m-[39mfamily[
33m:[39m[36mvar[39m(
[33m--[39m[36mdefaul
t[39m[33m-[39mfont[
33m-[39mfamily[33m,[
39mui[33m-[39msans[3
3m-[39mserif[33m,[39
m system[33m-[39mui[
33m,[39m sans[33m-[3
9mserif[33m,[39m 
[32m"Apple Color 
Emoji"[39m[33m,[39m 
[32m"Segoe UI 
Emoji"[39m[33m,[39m 
[32m"Segoe UI Symbol"
[39m[33m,[39m 
[32m"Noto Color Emoji"
[39m)[33m;[39mfont[
33m-[39mfeature[33m-
[39msettings[33m:[39m
[36mvar[39m([33m--[
39m[36mdefault[39m[3
3m-[39mfont[33m-[39m
feature[33m-[39msetti
ngs[33m,[39mnormal)[
33m;[39mfont[33m-[39
mvariation[33m-[39mse
ttings[33m:[39m[36mv
ar[39m([33m--[39m[3
6mdefault[39m[33m-[3
9mfont[33m-[39mvariat
ion[33m-[39msettings
[33m,[39mnormal)[33m;
[39m[33m-[39mwebkit
[33m-[39mtap[33m-[39
mhighlight[33m-[39mco
lor[33m:[39mtranspare
nt}hr{height[33m:[39m
[35m0[39m[33m;[39mc
olor[33m:[39minherit
[33m;[39mborder[33m-
[39mtop[33m-[39mwidth
[33m:[39m[35m1[39mp
x}abbr[33m:[39mwhere(
[title]){[33m-[39mweb
kit[33m-[39mtext[33m
-[39mdecoration[33m:
[39munderline dotted[3
3m;[39mtext[33m-[39m
decoration[33m:[39mun
derline dotted}h1[33m,
[39mh2[33m,[39mh3[3
3m,[39mh4[33m,[39mh5
[33m,[39mh6{font[33m
-[39msize[33m:[39min
herit[33m;[39mfont[3
3m-[39mweight[33m:[3
9minherit}a{color[33m:
[39minherit[33m;[39m
[33m-[39mwebkit[33m-
[39mtext[33m-[39mdec
oration[33m:[39minher
it[33m;[39m[33m-[39
mwebkit[33m-[39mtext
[33m-[39mdecoration[3
3m:[39minherit[33m;[
39m[33m-[39mwebkit[3
3m-[39mtext[33m-[39m
decoration[33m:[39min
herit[33m;[39mtext[3
3m-[39mdecoration[33m
:[39minherit}b[33m,[
39mstrong{font[33m-[3
9mweight[33m:[39mbold
er}code[33m,[39mkbd[
33m,[39msamp[33m,[39
mpre{font[33m-[39mfam
ily[33m:[39m[36mvar
[39m([33m--[39m[36md
efault[39m[33m-[39mm
ono[33m-[39mfont[33m
-[39mfamily[33m,[39m
ui[33m-[39mmonospace
[33m,[39m [33mSFMono
[39m[33m-[39m[33mReg
ular[39m[33m,[39m [
33mMenlo[39m[33m,[39
m [33mMonaco[39m[33m
,[39m [33mConsolas[3
9m[33m,[39m 
[32m"Liberation 
Mono"[39m[33m,[39m 
[32m"Courier 
New"[39m[33m,[39m mo
nospace)[33m;[39mfont
[33m-[39mfeature[33m
-[39msettings[33m:[3
9m[36mvar[39m([33m--
[39m[36mdefault[39m
[33m-[39mmono[33m-[3
9mfont[33m-[39mfeatur
e[33m-[39msettings[3
3m,[39mnormal)[33m;[
39mfont[33m-[39mvaria
tion[33m-[39msettings
[33m:[39m[36mvar[39
m([33m--[39m[36mdefa
ult[39m[33m-[39mmono
[33m-[39mfont[33m-[
39mvariation[33m-[39m
settings[33m,[39mnorm
al)[33m;[39mfont[33m
-[39msize[33m:[39m[
35m1[39mem}small{font
[33m-[39msize[33m:[3
9m[35m80[39m[33m%[3
9m}sub[33m,[39msup{ve
rtical[33m-[39malign
[33m:[39mbaseline[33m
;[39mfont[33m-[39msi
ze[33m:[39m[35m75[3
9m[33m%[39m[33m;[39
mline[33m-[39mheight
[33m:[39m[35m0[39m[
33m;[39mposition[33m:
[39mrelative}sub{botto
m[33m:[39m[33m-[39m
[35m.25[39mem}sup{top
[33m:[39m[33m-[39m
[35m.5[39mem}table{tex
t[33m-[39mindent[33m
:[39m[35m0[39m[33m;
[39mborder[33m-[39mc
olor[33m:[39minherit
[33m;[39mborder[33m-
[39mcollapse[33m:[39m
collapse}[33m:[39m[3
3m-[39mmoz[33m-[39mf
ocusring{outline[33m:
[39mauto}progress{verti
cal[33m-[39malign[33
m:[39mbaseline}summary
{display[33m:[39mlist
[33m-[39mitem}ol[33m
,[39mul[33m,[39mmenu
{list[33m-[39mstyle[
33m:[39mnone}img[33m,
[39msvg[33m,[39mvide
o[33m,[39mcanvas[33m
,[39maudio[33m,[39mi
frame[33m,[39membed[
33m,[39mobject{vertica
l[33m-[39malign[33m:
[39mmiddle[33m;[39md
isplay[33m:[39mblock}
img[33m,[39mvideo{max
[33m-[39mwidth[33m:
[39m[35m100[39m[33m%
[39m[33m;[39mheight
[33m:[39mauto}button[
33m,[39minput[33m,[3
9mselect[33m,[39moptg
roup[33m,[39mtextarea
{font[33m:[39minherit
[33m;[39mfont[33m-[
39mfeature[33m-[39mse
ttings[33m:[39minheri
t[33m;[39mfont[33m-
[39mvariation[33m-[39
msettings[33m:[39minh
erit[33m;[39mletter[
33m-[39mspacing[33m:
[39minherit[33m;[39mc
olor[33m:[39minherit
[33m;[39mopacity[33m:
[39m[35m1[39m[33m;
[39mbackground[33m-[3
9mcolor[33m:[39m[33m
#[39m[35m0000[39m[3
3m;[39mborder[33m-[3
9mradius[33m:[39m[35
m0[39m}[33m:[39m[33
m:[39mfile[33m-[39ms
elector[33m-[39mbutto
n{font[33m:[39minheri
t[33m;[39mfont[33m-
[39mfeature[33m-[39ms
ettings[33m:[39minher
it[33m;[39mfont[33m-
[39mvariation[33m-[3
9msettings[33m:[39min
herit[33m;[39mletter
[33m-[39mspacing[33m:
[39minherit[33m;[39m
color[33m:[39minherit
[33m;[39mopacity[33m
:[39m[35m1[39m[33m;
[39mbackground[33m-[
39mcolor[33m:[39m[33
m#[39m[35m0000[39m[
33m;[39mborder[33m-[
39mradius[33m:[39m[3
5m0[39m}[33m:[39mwhe
re(select[33m:[39mis(
[multiple][33m,[39m[s
ize])) optgroup{font[3
3m-[39mweight[33m:[3
9mbolder}[33m:[39mwhe
re(select[33m:[39mis(
[multiple][33m,[39m[s
ize])) optgroup option{
padding[33m-[39minlin
e[33m-[39mstart[33m:
[39m[35m20[39mpx}[3
3m:[39m[33m:[39mfile
[33m-[39mselector[33
m-[39mbutton{margin[3
3m-[39minline[33m-[3
9mend[33m:[39m[35m4
[39mpx}[33m:[39m[33m
:[39mplaceholder{opaci
ty[33m:[39m[35m1[39
m}[33m@[39msupports 
(not (([33m-[39mwebki
t[33m-[39mappearance
[33m:[39m[33m-[39map
ple[33m-[39mpay[33m-
[39mbutton))) or (cont
ain[33m-[39mintrinsic
[33m-[39msize[33m:[
39m[35m1[39mpx){[33m
:[39m[33m:[39mplaceh
older{color[33m:[39mc
urrentColor}[33m@[39m
supports (color[33m:[
39mcolor[33m-[39mmix(
[36min[39m 
lab[33m,[39m 
red[33m,[39m red)){[
33m:[39m[33m:[39mpla
ceholder{color[33m:[3
9mcolor[33m-[39mmix(
[36min[39m 
oklab[33m,[39m 
currentcolor [35m50[3
9m[33m%[39m[33m,[39
m transparent)}}}textar
ea{resize[33m:[39mver
tical}[33m:[39m[33m:
[39m[33m-[39mwebkit
[33m-[39msearch[33m-
[39mdecoration{[33m-[
39mwebkit[33m-[39mapp
earance[33m:[39mnone}
[33m:[39m[33m:[39m
[33m-[39mwebkit[33m-
[39mdate[33m-[39mand
[33m-[39mtime[33m-[3
9mvalue{min[33m-[39mh
eight[33m:[39m[35m1
[39mlh[33m;[39mtext[
33m-[39malign[33m:[3
9minherit}[33m:[39m[
33m:[39m[33m-[39mweb
kit[33m-[39mdatetime
[33m-[39medit{display
[33m:[39minline[33m-
[39mflex}[33m:[39m[3
3m:[39m[33m-[39mwebk
it[33m-[39mdatetime[
33m-[39medit[33m-[39
mfields[33m-[39mwrapp
er{padding[33m:[39m[
35m0[39m}[33m:[39m[
33m:[39m[33m-[39mweb
kit[33m-[39mdatetime
[33m-[39medit{padding
[33m-[39mblock[33m:[
39m[35m0[39m}[33m:[
39m[33m:[39m[33m-[3
9mwebkit[33m-[39mdate
time[33m-[39medit[33
m-[39myear[33m-[39mf
ield{padding[33m-[39m
block[33m:[39m[35m0
[39m}[33m:[39m[33m:
[39m[33m-[39mwebkit[
33m-[39mdatetime[33m-
[39medit[33m-[39mmon
th[33m-[39mfield{padd
ing[33m-[39mblock[33
m:[39m[35m0[39m}[33
m:[39m[33m:[39m[33m
-[39mwebkit[33m-[39m
datetime[33m-[39medit
[33m-[39mday[33m-[3
9mfield{padding[33m-[
39mblock[33m:[39m[35
m0[39m}[33m:[39m[33
m:[39m[33m-[39mwebki
t[33m-[39mdatetime[3
3m-[39medit[33m-[39m
hour[33m-[39mfield{pa
dding[33m-[39mblock[
33m:[39m[35m0[39m}[
33m:[39m[33m:[39m[3
3m-[39mwebkit[33m-[3
9mdatetime[33m-[39med
it[33m-[39mminute[33
m-[39mfield{padding[3
3m-[39mblock[33m:[39
m[35m0[39m}[33m:[39
m[33m:[39m[33m-[39m
webkit[33m-[39mdateti
me[33m-[39medit[33m-
[39msecond[33m-[39mf
ield{padding[33m-[39m
block[33m:[39m[35m0
[39m}[33m:[39m[33m:
[39m[33m-[39mwebkit[
33m-[39mdatetime[33m-
[39medit[33m-[39mmil
lisecond[33m-[39mfiel
d{padding[33m-[39mblo
ck[33m:[39m[35m0[39
m}[33m:[39m[33m:[39
m[33m-[39mwebkit[33m
-[39mdatetime[33m-[3
9medit[33m-[39mmeridi
em[33m-[39mfield{padd
ing[33m-[39mblock[33
m:[39m[35m0[39m}[33
m:[39m[33m:[39m[33m
-[39mwebkit[33m-[39m
calendar[33m-[39mpick
er[33m-[39mindicator{
line[33m-[39mheight[
33m:[39m[35m1[39m}[
33m:[39m[33m-[39mmoz
[33m-[39mui[33m-[39
minvalid{box[33m-[39m
shadow[33m:[39mnone}b
utton[33m,[39minput[
33m:[39mwhere([type[3
3m=[39mbutton][33m,[
39m[type[33m=[39mrese
t][33m,[39m[type[33m
=[39msubmit]){appearan
ce[33m:[39mbutton}[3
3m:[39m[33m:[39mfile
[33m-[39mselector[33
m-[39mbutton{appearanc
e[33m:[39mbutton}[33
m:[39m[33m:[39m[33m
-[39mwebkit[33m-[39m
inner[33m-[39mspin[3
3m-[39mbutton{height[
33m:[39mauto}[33m:[3
9m[33m:[39m[33m-[39
mwebkit[33m-[39mouter
[33m-[39mspin[33m-[
39mbutton{height[33m:
[39mauto}[hidden][33m:
[39mwhere([33m:[39mn
ot([hidden[33m=[39mun
til[33m-[39mfound])){
display[33m:[39mnone
[33m![39mimportant}}[
33m@[39mlayer componen
ts[33m;[39m[33m@[39
mlayer utilities{[33m.
[39mpointer[33m-[39m
events[33m-[39mnone{p
ointer[33m-[39mevents
[33m:[39mnone}[33m.
[39mvisible{visibility
[33m:[39mvisible}[33m
.[39mabsolute{position
[33m:[39mabsolute}[3
3m.[39mfixed{position
[33m:[39mfixed}[33m.
[39mrelative{position[
33m:[39mrelative}[33m
.[39m[36mstatic[39m{
position[33m:[39m[36
mstatic[39m}[33m.[39
msticky{position[33m:
[39msticky}[33m.[39mi
nset[33m-[39m[35m0[
39m{inset[33m:[39mcal
c([36mvar[39m([33m--
[39mspacing) 
[33m*[39m [35m0[39m
)}[33m.[39minset[33m
-[39my[33m-[39m[35m
0[39m{inset[33m-[39m
block[33m:[39mcalc([
36mvar[39m([33m--[39
mspacing) [33m*[39m 
[35m0[39m)}[33m.[39m
start{inset[33m-[39mi
nline[33m-[39mstart[
33m:[39m[36mvar[39m(
[33m--[39mspacing)}[
33m.[39mend{inset[33m
-[39minline[33m-[39m
end[33m:[39m[36mvar
[39m([33m--[39mspacin
g)}[33m.[39m[33m-[3
9mtop[33m-[39m[35m10
[39m{top[33m:[39mcal
c([36mvar[39m([33m--
[39mspacing) 
[33m*[39m [33m-[39m
[35m10[39m)}[33m.[3
9mtop[33m-[39m[35m0
[39m{top[33m:[39mcalc
([36mvar[39m([33m--
[39mspacing) 
[33m*[39m [35m0[39m
)}[33m.[39mtop[33m-
[39m[35m1[39m[37m[4
1m[1m\[22m[49m[39m
[33m/[39m[35m2[39m{t
op[33m:[39m[35m50[3
9m[33m%[39m}[33m.[3
9mtop[33m-[39m[35m3
[39m[37m[41m[1m\[22
m[49m[39m[35m.5[39m
{top[33m:[39mcalc([3
6mvar[39m([33m--[39m
spacing) [33m*[39m [
35m3.5[39m)}[33m.[39
mtop[33m-[39m[35m4[
39m{top[33m:[39mcalc(
[36mvar[39m([33m--[
39mspacing) 
[33m*[39m [35m4[39m
)}[33m.[39mtop[33m-
[39m[35m5[39m{top[33
m:[39mcalc([36mvar[3
9m([33m--[39mspacing)
 [33m*[39m [35m5[39
m)}[33m.[39mtop[33m-
[39m[35m8[39m{top[3
3m:[39mcalc([36mvar[
39m([33m--[39mspacing
) [33m*[39m [35m8[3
9m)}[33m.[39mtop[33m
-[39m[35m16[39m{top
[33m:[39mcalc([36mvar
[39m([33m--[39mspaci
ng) [33m*[39m [35m16
[39m)}[33m.[39m[33m
-[39mright[33m-[39m
[35m10[39m{right[33m:
[39mcalc([36mvar[39m
([33m--[39mspacing) 
[33m*[39m [33m-[39m
[35m10[39m)}[33m.[3
9mright[33m-[39m[35m
0[39m{right[33m:[39m
calc([36mvar[39m([33
m--[39mspacing) 
[33m*[39m [35m0[39m
)}[33m.[39m[33m-[39
mbottom[33m-[39m[35m
10[39m{bottom[33m:[3
9mcalc([36mvar[39m([
33m--[39mspacing) 
[33m*[39m [33m-[39m
[35m10[39m)}[33m.[3
9mbottom[33m-[39m[35
m0[39m{bottom[33m:[3
9mcalc([36mvar[39m([
33m--[39mspacing) 
[33m*[39m [35m0[39m
)}[33m.[39mbottom[33
m-[39m[35m3[39m{bott
om[33m:[39mcalc([36m
var[39m([33m--[39msp
acing) [33m*[39m [35
m3[39m)}[33m.[39m[3
3m-[39mleft[33m-[39m
[35m10[39m{left[33m:
[39mcalc([36mvar[39m
([33m--[39mspacing) 
[33m*[39m [33m-[39m
[35m10[39m)}[33m.[3
9mleft[33m-[39m[35m0
[39m{left[33m:[39mca
lc([36mvar[39m([33m-
-[39mspacing) 
[33m*[39m [35m0[39m
)}[33m.[39mleft[33m-
[39m[35m1[39m[37m[
41m[1m\[22m[49m[39m
[33m/[39m[35m2[39m{
left[33m:[39m[35m50
[39m[33m%[39m}[33m.
[39mleft[33m-[39m[35
m3[39m{left[33m:[39m
calc([36mvar[39m([33
m--[39mspacing) 
[33m*[39m [35m3[39m
)}[33m.[39mleft[33m-
[39m[35m4[39m{left[
33m:[39mcalc([36mvar
[39m([33m--[39mspacin
g) [33m*[39m [35m4[
39m)}[33m.[39mleft[3
3m-[39m[35m5[39m{lef
t[33m:[39mcalc([36mv
ar[39m([33m--[39mspa
cing) [33m*[39m [35m
5[39m)}[33m.[39mz[3
3m-[39m[35m0[39m{z[
33m-[39mindex[33m:[3
9m[35m0[39m}[33m.[3
9mz[33m-[39m[35m10[
39m{z[33m-[39mindex[
33m:[39m[35m10[39m}
[33m.[39mz[33m-[39m
[35m20[39m{z[33m-[39
mindex[33m:[39m[35m2
0[39m}[33m.[39mz[33
m-[39m[35m40[39m{z[
33m-[39mindex[33m:[3
9m[35m40[39m}[33m.[
39mz[33m-[39m[35m50
[39m{z[33m-[39mindex
[33m:[39m[35m50[39m}
[33m.[39morder[33m-
[39m[35m1[39m{order[
33m:[39m[35m1[39m}[
33m.[39morder[33m-[3
9m[35m2[39m{order[33
m:[39m[35m2[39m}[33
m.[39mcol[33m-[39msp
an[33m-[39m[35m1[39
m{grid[33m-[39mcolumn
[33m:[39mspan [35m1
[39m[33m/[39mspan [3
5m1[39m}[33m.[39mcon
tainer{width[33m:[39m
[35m100[39m[33m%[39
m}[33m@[39mmedia (min
[33m-[39mwidth[33m:
[39m[35m40[39mrem){[
33m.[39mcontainer{max
[33m-[39mwidth[33m:[
39m[35m40[39mrem}}[3
3m@[39mmedia (min[33m
-[39mwidth[33m:[39m
[35m48[39mrem){[33m.
[39mcontainer{max[33m-
[39mwidth[33m:[39m[
35m48[39mrem}}[33m@[
39mmedia (min[33m-[39
mwidth[33m:[39m[35m6
4[39mrem){[33m.[39mc
ontainer{max[33m-[39m
width[33m:[39m[35m64
[39mrem}}[33m@[39mme
dia (min[33m-[39mwidt
h[33m:[39m[35m80[39
mrem){[33m.[39mcontai
ner{max[33m-[39mwidth
[33m:[39m[35m80[39m
rem}}[33m@[39mmedia (
min[33m-[39mwidth[33
m:[39m[35m96[39mrem)
{[33m.[39mcontainer{m
ax[33m-[39mwidth[33m
:[39m[35m96[39mrem}}
[33m.[39mmx[33m-[39
mauto{margin[33m-[39m
inline[33m:[39mauto}
[33m.[39mmy[33m-[39m
[35m8[39m{margin[33m
-[39mblock[33m:[39mc
alc([36mvar[39m([33m
--[39mspacing) 
[33m*[39m [35m8[39m
)}[33m.[39m[33m-[39
mmt[33m-[39m[35m4[3
9m{margin[33m-[39mtop
[33m:[39mcalc([36mva
r[39m([33m--[39mspac
ing) [33m*[39m [33m-
[39m[35m4[39m)}[33m
.[39m[33m-[39mmt[33
m-[39m[35m16[39m{mar
gin[33m-[39mtop[33m:
[39mcalc([36mvar[39m
([33m--[39mspacing) 
[33m*[39m [33m-[39m
[35m16[39m)}[33m.[3
9m[33m-[39mmt[33m-[
39m[35m20[39m{margin
[33m-[39mtop[33m:[39
mcalc([36mvar[39m([3
3m--[39mspacing) 
[33m*[39m [33m-[39m
[35m20[39m)}[33m.[3
9m[33m-[39mmt[33m-[
39m[35m32[39m{margin
[33m-[39mtop[33m:[39
mcalc([36mvar[39m([3
3m--[39mspacing) 
[33m*[39m [33m-[39m
[35m32[39m)}[33m.[3
9mmt[33m-[39m[35m0[
39m[37m[41m[1m\[22m
[49m[39m[35m.5[39m{
margin[33m-[39mtop[3
3m:[39mcalc([36mvar[
39m([33m--[39mspacing
) [33m*[39m [35m.5[
39m)}[33m.[39mmt[33m
-[39m[35m1[39m{margi
n[33m-[39mtop[33m:[
39mcalc([36mvar[39m(
[33m--[39mspacing) 
[33m*[39m [35m1[39m
)}[33m.[39mmt[33m-[
39m[35m2[39m{margin[
33m-[39mtop[33m:[39m
calc([36mvar[39m([33
m--[39mspacing) 
[33m*[39m [35m2[39m
)}[33m.[39mmt[33m-[
39m[35m4[39m{margin[
33m-[39mtop[33m:[39m
calc([36mvar[39m([33
m--[39mspacing) 
[33m*[39m [35m4[39m
)}[33m.[39mmt[33m-[
39m[35m6[39m{margin[
33m-[39mtop[33m:[39m
calc([36mvar[39m([33
m--[39mspacing) 
[33m*[39m [35m6[39m
)}[33m.[39mmt[33m-[
39m[35m8[39m{margin[
33m-[39mtop[33m:[39m
calc([36mvar[39m([33
m--[39mspacing) 
[33m*[39m [35m8[39m
)}[33m.[39mmt[33m-[
39m[35m12[39m{margin
[33m-[39mtop[33m:[39
mcalc([36mvar[39m([3
3m--[39mspacing) 
[33m*[39m [35m12[39
m)}[33m.[39mmt[33m-
[39m[35m16[39m{margin
[33m-[39mtop[33m:[3
9mcalc([36mvar[39m([
33m--[39mspacing) 
[33m*[39m [35m16[39
m)}[33m.[39mmt[33m-
[39m[35m20[39m{margin
[33m-[39mtop[33m:[3
9mcalc([36mvar[39m([
33m--[39mspacing) 
[33m*[39m [35m20[39
m)}[33m.[39mmt[33m-
[39mauto{margin[33m-[
39mtop[33m:[39mauto}
[33m.[39m[33m-[39mmr
[33m-[39m[35m16[39m
{margin[33m-[39mright
[33m:[39mcalc([36mva
r[39m([33m--[39mspac
ing) [33m*[39m [33m-
[39m[35m16[39m)}[33
m.[39m[33m-[39mmr[3
3m-[39m[35m20[39m{ma
rgin[33m-[39mright[3
3m:[39mcalc([36mvar[
39m([33m--[39mspacing
) [33m*[39m [33m-[3
9m[35m20[39m)}[33m.
[39m[33m-[39mmr[33m-
[39m[35m32[39m{margi
n[33m-[39mright[33m:
[39mcalc([36mvar[39m
([33m--[39mspacing) 
[33m*[39m [33m-[39m
[35m32[39m)}[33m.[3
9mmr[33m-[39m[35m2[
39m{margin[33m-[39mri
ght[33m:[39mcalc([36
mvar[39m([33m--[39ms
pacing) [33m*[39m [3
5m2[39m)}[33m.[39m[
33m-[39mmb[33m-[39m
[35m16[39m{margin[33m
-[39mbottom[33m:[39m
calc([36mvar[39m([33
m--[39mspacing) 
[33m*[39m [33m-[39m
[35m16[39m)}[33m.[3
9m[33m-[39mmb[33m-[
39m[35m20[39m{margin
[33m-[39mbottom[33m:
[39mcalc([36mvar[39m(
[33m--[39mspacing) 
[33m*[39m [33m-[39m
[35m20[39m)}[33m.[3
9m[33m-[39mmb[33m-[
39m[35m32[39m{margin
[33m-[39mbottom[33m:
[39mcalc([36mvar[39m(
[33m--[39mspacing) 
[33m*[39m [33m-[39m
[35m32[39m)}[33m.[3
9mmb[33m-[39m[35m0[
39m[37m[41m[1m\[22m
[49m[39m[35m.5[39m{
margin[33m-[39mbottom
[33m:[39mcalc([36mva
r[39m([33m--[39mspac
ing) [33m*[39m [35m.
5[39m)}[33m.[39mmb[
33m-[39m[35m1[39m{ma
rgin[33m-[39mbottom[
33m:[39mcalc([36mvar
[39m([33m--[39mspacin
g) [33m*[39m [35m1[
39m)}[33m.[39mmb[33m
-[39m[35m2[39m{margi
n[33m-[39mbottom[33m
:[39mcalc([36mvar[39
m([33m--[39mspacing) 
[33m*[39m [35m2[39m
)}[33m.[39mmb[33m-[
39m[35m3[39m{margin[
33m-[39mbottom[33m:[
39mcalc([36mvar[39m(
[33m--[39mspacing) 
[33m*[39m [35m3[39m
)}[33m.[39mmb[33m-[
39m[35m4[39m{margin[
33m-[39mbottom[33m:[
39mcalc([36mvar[39m(
[33m--[39mspacing) 
[33m*[39m [35m4[39m
)}[33m.[39mmb[33m-[
39m[35m5[39m{margin[
33m-[39mbottom[33m:[
39mcalc([36mvar[39m(
[33m--[39mspacing) 
[33m*[39m [35m5[39m
)}[33m.[39mmb[33m-[
39m[35m6[39m{margin[
33m-[39mbottom[33m:[
39mcalc([36mvar[39m(
[33m--[39mspacing) 
[33m*[39m [35m6[39m
)}[33m.[39mmb[33m-[
39m[35m8[39m{margin[
33m-[39mbottom[33m:[
39mcalc([36mvar[39m(
[33m--[39mspacing) 
[33m*[39m [35m8[39m
)}[33m.[39mmb[33m-[
39m[35m10[39m{margin
[33m-[39mbottom[33m:
[39mcalc([36mvar[39m(
[33m--[39mspacing) 
[33m*[39m [35m10[39
m)}[33m.[39mmb[33m-
[39m[35m12[39m{margin
[33m-[39mbottom[33m:
[39mcalc([36mvar[39m
([33m--[39mspacing) 
[33m*[39m [35m12[39
m)}[33m.[39mmb[33m-
[39m[35m16[39m{margin
[33m-[39mbottom[33m:
[39mcalc([36mvar[39m
([33m--[39mspacing) 
[33m*[39m [35m16[39
m)}[33m.[39mmb[33m-
[39m[35m20[39m{margin
[33m-[39mbottom[33m:
[39mcalc([36mvar[39m
([33m--[39mspacing) 
[33m*[39m [35m20[39
m)}[33m.[39mmb[33m-
[39mauto{margin[33m-[
39mbottom[33m:[39maut
o}[33m.[39m[33m-[39
mml[33m-[39m[35m16[
39m{margin[33m-[39mle
ft[33m:[39mcalc([36m
var[39m([33m--[39msp
acing) [33m*[39m [33
m-[39m[35m16[39m)}[
33m.[39m[33m-[39mml
[33m-[39m[35m20[39m{
margin[33m-[39mleft[
33m:[39mcalc([36mvar
[39m([33m--[39mspacin
g) [33m*[39m [33m-[
39m[35m20[39m)}[33m.
[39m[33m-[39mml[33m
-[39m[35m32[39m{marg
in[33m-[39mleft[33m:
[39mcalc([36mvar[39m
([33m--[39mspacing) 
[33m*[39m [33m-[39m
[35m32[39m)}[33m.[3
9mml[33m-[39m[35m1[
39m{margin[33m-[39mle
ft[33m:[39mcalc([36m
var[39m([33m--[39msp
acing) [33m*[39m [35
m1[39m)}[33m.[39mml
[33m-[39m[35m2[39m{m
argin[33m-[39mleft[3
3m:[39mcalc([36mvar[
39m([33m--[39mspacing
) [33m*[39m [35m2[3
9m)}[33m.[39mml[33m-
[39m[35m4[39m{margin
[33m-[39mleft[33m:[
39mcalc([36mvar[39m(
[33m--[39mspacing) 
[33m*[39m [35m4[39m
)}[33m.[39mline[33m-
[39mclamp[33m-[39m[
35m2[39m{[33m-[39mwe
bkit[33m-[39mline[33
m-[39mclamp[33m:[39m
[35m2[39m[33m;[39m
[33m-[39mwebkit[33m-
[39mbox[33m-[39morien
t[33m:[39mvertical[3
3m;[39mdisplay[33m:[
39m[33m-[39mwebkit[3
3m-[39mbox[33m;[39mo
verflow[33m:[39mhidde
n}[33m.[39mline[33m-
[39mclamp[33m-[39m[
35m3[39m{[33m-[39mwe
bkit[33m-[39mline[33
m-[39mclamp[33m:[39m
[35m3[39m[33m;[39m
[33m-[39mwebkit[33m-
[39mbox[33m-[39morien
t[33m:[39mvertical[3
3m;[39mdisplay[33m:[
39m[33m-[39mwebkit[3
3m-[39mbox[33m;[39mo
verflow[33m:[39mhidde
n}[33m.[39mblock{disp
lay[33m:[39mblock}[3
3m.[39mflex{display[3
3m:[39mflex}[33m.[39
mgrid{display[33m:[39
mgrid}[33m.[39mhidden
{display[33m:[39mnone
}[33m.[39minline{disp
lay[33m:[39minline}[
33m.[39minline[33m-[
39mblock{display[33m:
[39minline[33m-[39mbl
ock}[33m.[39minline[
33m-[39mflex{display[
33m:[39minline[33m-[
39mflex}[33m.[39mtabl
e{display[33m:[39mtab
le}[33m.[39maspect[3
3m-[39m[37m[41m[1m\
[22m[49m[39m[[35m16
[39m[37m[41m[1m\[2
2m[49m[39m[33m/[39m
[35m9[39m[37m[41m[
1m\[22m[49m[39m]{asp
ect[33m-[39mratio[33
m:[39m[35m16[39m[33
m/[39m[35m9[39m}[33
m.[39maspect[33m-[39
m[37m[41m[1m\[22m[
49m[39m[[35m21[39m[
37m[41m[1m\[22m[49m
[39m[33m/[39m[35m10
[39m[37m[41m[1m\[2
2m[49m[39m]{aspect[3
3m-[39mratio[33m:[39
m[35m21[39m[33m/[39
m[35m10[39m}[33m.[3
9mh[33m-[39m[35m1[3
9m{height[33m:[39mcal
c([36mvar[39m([33m--
[39mspacing) 
[33m*[39m [35m1[39m
)}[33m.[39mh[33m-[3
9m[35m1[39m[37m[41m
[1m\[22m[49m[39m[3
5m.5[39m{height[33m:
[39mcalc([36mvar[39m(
[33m--[39mspacing) 
[33m*[39m [35m1.5[3
9m)}[33m.[39mh[33m-
[39m[35m2[39m{height
[33m:[39mcalc([36mvar
[39m([33m--[39mspaci
ng) [33m*[39m [35m2
[39m)}[33m.[39mh[33m
-[39m[35m3[39m{heigh
t[33m:[39mcalc([36mv
ar[39m([33m--[39mspa
cing) [33m*[39m [35m
3[39m)}[33m.[39mh[3
3m-[39m[35m3[39m[37
m[41m[1m\[22m[49m[
39m[35m.5[39m{height
[33m:[39mcalc([36mvar
[39m([33m--[39mspaci
ng) [33m*[39m [35m3.
5[39m)}[33m.[39mh[3
3m-[39m[35m4[39m{hei
ght[33m:[39mcalc([36
mvar[39m([33m--[39ms
pacing) [33m*[39m [3
5m4[39m)}[33m.[39mh
[33m-[39m[35m5[39m{h
eight[33m:[39mcalc([
36mvar[39m([33m--[39
mspacing) [33m*[39m 
[35m5[39m)}[33m.[39m
h[33m-[39m[35m6[39m
{height[33m:[39mcalc(
[36mvar[39m([33m--[
39mspacing) 
[33m*[39m [35m6[39m
)}[33m.[39mh[33m-[3
9m[35m7[39m{height[3
3m:[39mcalc([36mvar[
39m([33m--[39mspacing
) [33m*[39m [35m7[3
9m)}[33m.[39mh[33m-
[39m[35m8[39m{height
[33m:[39mcalc([36mvar
[39m([33m--[39mspaci
ng) [33m*[39m [35m8
[39m)}[33m.[39mh[33m
-[39m[35m10[39m{heig
ht[33m:[39mcalc([36m
var[39m([33m--[39msp
acing) [33m*[39m [35
m10[39m)}[33m.[39mh
[33m-[39m[35m12[39m{
height[33m:[39mcalc(
[36mvar[39m([33m--[3
9mspacing) [33m*[39m 
[35m12[39m)}[33m.[3
9mh[33m-[39m[35m14[
39m{height[33m:[39mca
lc([36mvar[39m([33m-
-[39mspacing) 
[33m*[39m [35m14[39
m)}[33m.[39mh[33m-[
39m[35m16[39m{height
[33m:[39mcalc([36mvar
[39m([33m--[39mspaci
ng) [33m*[39m [35m16
[39m)}[33m.[39mh[33
m-[39m[35m20[39m{hei
ght[33m:[39mcalc([36
mvar[39m([33m--[39ms
pacing) [33m*[39m [3
5m20[39m)}[33m.[39mh
[33m-[39m[35m24[39m
{height[33m:[39mcalc(
[36mvar[39m([33m--[
39mspacing) 
[33m*[39m [35m24[39
m)}[33m.[39mh[33m-[
39m[35m28[39m{height
[33m:[39mcalc([36mvar
[39m([33m--[39mspaci
ng) [33m*[39m [35m28
[39m)}[33m.[39mh[33
m-[39m[35m32[39m{hei
ght[33m:[39mcalc([36
mvar[39m([33m--[39ms
pacing) [33m*[39m [3
5m32[39m)}[33m.[39mh
[33m-[39m[35m40[39m
{height[33m:[39mcalc(
[36mvar[39m([33m--[
39mspacing) 
[33m*[39m [35m40[39
m)}[33m.[39mh[33m-[
39m[35m52[39m{height
[33m:[39mcalc([36mvar
[39m([33m--[39mspaci
ng) [33m*[39m [35m52
[39m)}[33m.[39mh[33
m-[39m[35m56[39m{hei
ght[33m:[39mcalc([36
mvar[39m([33m--[39ms
pacing) [33m*[39m [3
5m56[39m)}[33m.[39mh
[33m-[39m[35m64[39m
{height[33m:[39mcalc(
[36mvar[39m([33m--[
39mspacing) 
[33m*[39m [35m64[39
m)}[33m.[39mh[33m-[
39m[35m96[39m{height
[33m:[39mcalc([36mvar
[39m([33m--[39mspaci
ng) [33m*[39m [35m96
[39m)}[33m.[39mh[33
m-[39m[37m[41m[1m\
[22m[49m[39m[[35m25
[39m[37m[41m[1m\[22
m[49m[39m[33m%[39m
[37m[41m[1m\[22m[49
m[39m]{height[33m:[3
9m[35m25[39m[33m%[3
9m}[33m.[39mh[33m-[
39m[37m[41m[1m\[22m
[49m[39m[[35m50[39m
[37m[41m[1m\[22m[4
9m[39m[33m%[39m[37m
[41m[1m\[22m[49m[3
9m]{height[33m:[39m[
35m50[39m[33m%[39m}
[33m.[39mh[33m-[39m
[37m[41m[1m\[22m[49
m[39m[[35m500[39mpx
[37m[41m[1m\[22m[49
m[39m]{height[33m:[3
9m[35m500[39mpx}[33m
.[39mh[33m-[39m[37m
[41m[1m\[22m[49m[3
9m[[35m600[39mpx[37m
[41m[1m\[22m[49m[3
9m]{height[33m:[39m[
35m600[39mpx}[33m.[3
9mh[33m-[39m[37m[41
m[1m\[22m[49m[39m[
[35m800[39mpx[37m[41
m[1m\[22m[49m[39m]{
height[33m:[39m[35m8
00[39mpx}[33m.[39mh
[33m-[39mfit{height[3
3m:[39mfit[33m-[39mc
ontent}[33m.[39mh[33
m-[39mfull{height[33m
:[39m[35m100[39m[33
m%[39m}[33m.[39mmin
[33m-[39mh[33m-[39m
[37m[41m[1m\[22m[49
m[39m[[35m400[39mpx
[37m[41m[1m\[22m[49
m[39m]{min[33m-[39mh
eight[33m:[39m[35m40
0[39mpx}[33m.[39mmin
[33m-[39mh[33m-[39m
screen{min[33m-[39mhe
ight[33m:[39m[35m100
[39mvh}[33m.[39mw[3
3m-[39m[35m1[39m{wid
th[33m:[39mcalc([36m
var[39m([33m--[39msp
acing) [33m*[39m [35
m1[39m)}[33m.[39mw[
33m-[39m[35m1[39m[3
7m[41m[1m\[22m[49m
[39m[35m.5[39m{width
[33m:[39mcalc([36mvar
[39m([33m--[39mspaci
ng) [33m*[39m [35m1.
5[39m)}[33m.[39mw[3
3m-[39m[35m2[39m[37
m[41m[1m\[22m[49m[
39m[33m/[39m[35m3[3
9m{width[33m:[39m[35
m66.6667[39m[33m%[39
m}[33m.[39mw[33m-[3
9m[35m3[39m{width[33
m:[39mcalc([36mvar[3
9m([33m--[39mspacing)
 [33m*[39m [35m3[39
m)}[33m.[39mw[33m-[
39m[35m3[39m[37m[41
m[1m\[22m[49m[39m[
35m.5[39m{width[33m:
[39mcalc([36mvar[39m(
[33m--[39mspacing) 
[33m*[39m [35m3.5[3
9m)}[33m.[39mw[33m-
[39m[35m4[39m{width[
33m:[39mcalc([36mvar
[39m([33m--[39mspacin
g) [33m*[39m [35m4[
39m)}[33m.[39mw[33m-
[39m[35m5[39m{width
[33m:[39mcalc([36mvar
[39m([33m--[39mspaci
ng) [33m*[39m [35m5
[39m)}[33m.[39mw[33m
-[39m[35m6[39m{width
[33m:[39mcalc([36mva
r[39m([33m--[39mspac
ing) [33m*[39m [35m6
[39m)}[33m.[39mw[33
m-[39m[35m7[39m{widt
h[33m:[39mcalc([36mv
ar[39m([33m--[39mspa
cing) [33m*[39m [35m
7[39m)}[33m.[39mw[3
3m-[39m[35m8[39m{wid
th[33m:[39mcalc([36m
var[39m([33m--[39msp
acing) [33m*[39m [35
m8[39m)}[33m.[39mw[
33m-[39m[35m10[39m{w
idth[33m:[39mcalc([3
6mvar[39m([33m--[39m
spacing) [33m*[39m [
35m10[39m)}[33m.[39m
w[33m-[39m[35m12[39
m{width[33m:[39mcalc(
[36mvar[39m([33m--[
39mspacing) 
[33m*[39m [35m12[39
m)}[33m.[39mw[33m-[
39m[35m14[39m{width[
33m:[39mcalc([36mvar
[39m([33m--[39mspacin
g) [33m*[39m [35m14
[39m)}[33m.[39mw[33m
-[39m[35m16[39m{widt
h[33m:[39mcalc([36mv
ar[39m([33m--[39mspa
cing) [33m*[39m [35m
16[39m)}[33m.[39mw[
33m-[39m[35m20[39m{w
idth[33m:[39mcalc([3
6mvar[39m([33m--[39m
spacing) [33m*[39m [
35m20[39m)}[33m.[39m
w[33m-[39m[35m24[39
m{width[33m:[39mcalc(
[36mvar[39m([33m--[
39mspacing) 
[33m*[39m [35m24[39
m)}[33m.[39mw[33m-[
39m[35m28[39m{width[
33m:[39mcalc([36mvar
[39m([33m--[39mspacin
g) [33m*[39m [35m28
[39m)}[33m.[39mw[33m
-[39m[35m32[39m{widt
h[33m:[39mcalc([36mv
ar[39m([33m--[39mspa
cing) [33m*[39m [35m
32[39m)}[33m.[39mw[
33m-[39m[35m40[39m{w
idth[33m:[39mcalc([3
6mvar[39m([33m--[39m
spacing) [33m*[39m [
35m40[39m)}[33m.[39m
w[33m-[39m[35m64[39
m{width[33m:[39mcalc(
[36mvar[39m([33m--[
39mspacing) 
[33m*[39m [35m64[39
m)}[33m.[39mw[33m-[
39m[35m96[39m{width[
33m:[39mcalc([36mvar
[39m([33m--[39mspacin
g) [33m*[39m [35m96
[39m)}[33m.[39mw[33m
-[39m[37m[41m[1m\[
22m[49m[39m[[35m500
[39mpx[37m[41m[1m\[
22m[49m[39m]{width[3
3m:[39m[35m500[39mpx
}[33m.[39mw[33m-[39
m[37m[41m[1m\[22m[
49m[39m[[35m600[39mp
x[37m[41m[1m\[22m[
49m[39m]{width[33m:[
39m[35m600[39mpx}[33
m.[39mw[33m-[39m[37
m[41m[1m\[22m[49m[
39m[[35m800[39mpx[37
m[41m[1m\[22m[49m[
39m]{width[33m:[39m[
35m800[39mpx}[33m.[3
9mw[33m-[39mfull{widt
h[33m:[39m[35m100[3
9m[33m%[39m}[33m.[3
9mmax[33m-[39mw[33m-
[39m[35m2[39mxl{max
[33m-[39mwidth[33m:[
39m[36mvar[39m([33m-
-[39mcontainer[33m-[
39m[35m2[39mxl)}[33m
.[39mmax[33m-[39mw[
33m-[39m[35m3[39mxl{
max[33m-[39mwidth[33
m:[39m[36mvar[39m([
33m--[39mcontainer[33
m-[39m[35m3[39mxl)}
[33m.[39mmax[33m-[39
mw[33m-[39m[35m4[39
mxl{max[33m-[39mwidth
[33m:[39m[36mvar[39
m([33m--[39mcontainer
[33m-[39m[35m4[39mx
l)}[33m.[39mmax[33m-
[39mw[33m-[39m[35m6
[39mxl{max[33m-[39mw
idth[33m:[39m[36mvar
[39m([33m--[39mconta
iner[33m-[39m[35m6[
39mxl)}[33m.[39mmax[
33m-[39mw[33m-[39m[
35m7[39mxl{max[33m-[
39mwidth[33m:[39m[36
mvar[39m([33m--[39mc
ontainer[33m-[39m[35
m7[39mxl)}[33m.[39mm
ax[33m-[39mw[33m-[3
9m[37m[41m[1m\[22m
[49m[39m[[35m650[39m
px[37m[41m[1m\[22m
[49m[39m]{max[33m-[3
9mwidth[33m:[39m[35m
650[39mpx}[33m.[39mm
ax[33m-[39mw[33m-[3
9m[37m[41m[1m\[22m
[49m[39m[[35m1000[39
mpx[37m[41m[1m\[22m
[49m[39m]{max[33m-[
39mwidth[33m:[39m[35
m1000[39mpx}[33m.[39
mmax[33m-[39mw[33m-
[39mfull{max[33m-[39m
width[33m:[39m[35m10
0[39m[33m%[39m}[33m
.[39mmax[33m-[39mw[
33m-[39mnone{max[33m-
[39mwidth[33m:[39mno
ne}[33m.[39mmax[33m-
[39mw[33m-[39msm{max
[33m-[39mwidth[33m:
[39m[36mvar[39m([33m
--[39mcontainer[33m-
[39msm)}[33m.[39mmin
[33m-[39mw[33m-[39m
[37m[41m[1m\[22m[49
m[39m[[35m160[39mpx
[37m[41m[1m\[22m[49
m[39m]{min[33m-[39mw
idth[33m:[39m[35m160
[39mpx}[33m.[39mflex
[33m-[39m[35m1[39m{
flex[33m:[39m[35m1[
39m}[33m.[39mflex[33
m-[39m[37m[41m[1m\
[22m[49m[39m[[35m2[
39m[37m[41m[1m\[22m
[49m[39m]{flex[33m:
[39m[35m2[39m}[33m.
[39mflex[33m-[39mshri
nk[33m-[39m[35m0[39
m[33m,[39m[33m.[39m
shrink[33m-[39m[35m0
[39m{flex[33m-[39msh
rink[33m:[39m[35m0[
39m}[33m.[39mflex[33
m-[39mgrow{flex[33m-
[39mgrow[33m:[39m[35
m1[39m}[33m.[39m[33
m-[39mtranslate[33m-
[39mx[33m-[39m[35m1
[39m[37m[41m[1m\[22
m[49m[39m[33m/[39m
[35m2[39m{[33m--[39m
tw[33m-[39mtranslate
[33m-[39mx[33m:[39mc
alc(calc([35m1[39m 
[33m/[39m 
[35m2[39m 
[33m*[39m [35m100[3
9m[33m%[39m) 
[33m*[39m [33m-[39m
[35m1[39m)[33m;[39m
translate[33m:[39m[3
6mvar[39m([33m--[39m
tw[33m-[39mtranslate
[33m-[39mx) [36mvar[
39m([33m--[39mtw[33m
-[39mtranslate[33m-[
39my)}[33m.[39m[33m-
[39mtranslate[33m-[3
9mx[33m-[39m[35m2[3
9m{[33m--[39mtw[33m-
[39mtranslate[33m-[3
9mx[33m:[39mcalc([36
mvar[39m([33m--[39ms
pacing) [33m*[39m [3
3m-[39m[35m2[39m)[3
3m;[39mtranslate[33m:
[39m[36mvar[39m([33
m--[39mtw[33m-[39mtr
anslate[33m-[39mx) [
36mvar[39m([33m--[39
mtw[33m-[39mtranslate
[33m-[39my)}[33m.[3
9m[33m-[39mtranslate
[33m-[39my[33m-[39m
[35m1[39m[37m[41m[1
m\[22m[49m[39m[33m/
[39m[35m2[39m{[33m-
-[39mtw[33m-[39mtran
slate[33m-[39my[33m:
[39mcalc(calc([35m1[
39m [33m/[39m 
[35m2[39m 
[33m*[39m [35m100[3
9m[33m%[39m) 
[33m*[39m [33m-[39m
[35m1[39m)[33m;[39m
translate[33m:[39m[3
6mvar[39m([33m--[39m
tw[33m-[39mtranslate
[33m-[39mx) [36mvar[
39m([33m--[39mtw[33m
-[39mtranslate[33m-[
39my)}[33m.[39mscale
[33m-[39m[37m[41m[1
m\[22m[49m[39m[[35m
1[39m[37m[41m[1m\[
22m[49m[39m[35m.01[
39m[37m[41m[1m\[22m
[49m[39m]{scale[33m:
[39m[35m1.01[39m}[3
3m.[39mrotate[33m-[3
9m[35m180[39m{rotate
[33m:[39m[35m180[39m
deg}[33m.[39mtransfor
m{transform[33m:[39m
[36mvar[39m([33m--[3
9mtw[33m-[39mrotate[
33m-[39mx[33m,[39m) 
[36mvar[39m([33m--[
39mtw[33m-[39mrotate
[33m-[39my[33m,[39m)
 [36mvar[39m([33m--
[39mtw[33m-[39mrotate
[33m-[39mz[33m,[39m
) [36mvar[39m([33m--
[39mtw[33m-[39mskew
[33m-[39mx[33m,[39m)
 [36mvar[39m([33m--
[39mtw[33m-[39mskew[
33m-[39my[33m,[39m)}
[33m.[39manimate[33m
-[39mspin{animation[3
3m:[39m[36mvar[39m(
[33m--[39manimate[33m
-[39mspin)}[33m.[39m
cursor[33m-[39mpointe
r{cursor[33m:[39mpoin
ter}[33m.[39mresize{r
esize[33m:[39mboth}[
33m.[39mresize[33m-[
39mnone{resize[33m:[3
9mnone}[33m.[39mlist
[33m-[39mdisc{list[33
m-[39mstyle[33m-[39m
type[33m:[39mdisc}[3
3m.[39mappearance[33m
-[39mnone{appearance[
33m:[39mnone}[33m.[3
9mgrid[33m-[39mcols[
33m-[39m[35m1[39m{gr
id[33m-[39mtemplate[
33m-[39mcolumns[33m:
[39mrepeat([35m1[39m
[33m,[39mminmax([35m0
[39m[33m,[39m[35m1
[39mfr))}[33m.[39mgri
d[33m-[39mcols[33m-
[39m[35m2[39m{grid[3
3m-[39mtemplate[33m-
[39mcolumns[33m:[39mr
epeat([35m2[39m[33m,
[39mminmax([35m0[39m
[33m,[39m[35m1[39mf
r))}[33m.[39mgrid[33
m-[39mrows[33m-[39m
[37m[41m[1m\[22m[49
m[39m[[35m0[39mfr[3
7m[41m[1m\[22m[49m
[39m]{grid[33m-[39mte
mplate[33m-[39mrows[
33m:[39m[35m0[39mfr}
[33m.[39mgrid[33m-[
39mrows[33m-[39m[37m
[41m[1m\[22m[49m[3
9m[[35m1[39mfr[37m[
41m[1m\[22m[49m[39m
]{grid[33m-[39mtempla
te[33m-[39mrows[33m:
[39m[35m1[39mfr}[33
m.[39mflex[33m-[39mc
ol{flex[33m-[39mdirec
tion[33m:[39mcolumn}
[33m.[39mflex[33m-[3
9mwrap{flex[33m-[39mw
rap[33m:[39mwrap}[33
m.[39mitems[33m-[39m
center{align[33m-[39m
items[33m:[39mcenter}
[33m.[39mitems[33m-
[39mend{align[33m-[39
mitems[33m:[39mflex[
33m-[39mend}[33m.[39
mitems[33m-[39mstart{
align[33m-[39mitems[
33m:[39mflex[33m-[39
mstart}[33m.[39mjusti
fy[33m-[39mbetween{ju
stify[33m-[39mcontent
[33m:[39mspace[33m-
[39mbetween}[33m.[39m
justify[33m-[39mcente
r{justify[33m-[39mcon
tent[33m:[39mcenter}
[33m.[39mgap[33m-[39
m[35m1[39m{gap[33m:
[39mcalc([36mvar[39m(
[33m--[39mspacing) 
[33m*[39m [35m1[39m
)}[33m.[39mgap[33m-
[39m[35m1[39m[37m[4
1m[1m\[22m[49m[39m
[35m.5[39m{gap[33m:[
39mcalc([36mvar[39m(
[33m--[39mspacing) 
[33m*[39m [35m1.5[3
9m)}[33m.[39mgap[33m
-[39m[35m2[39m{gap[
33m:[39mcalc([36mvar
[39m([33m--[39mspacin
g) [33m*[39m [35m2[
39m)}[33m.[39mgap[33
m-[39m[35m3[39m{gap
[33m:[39mcalc([36mvar
[39m([33m--[39mspaci
ng) [33m*[39m [35m3
[39m)}[33m.[39mgap[3
3m-[39m[35m4[39m{gap
[33m:[39mcalc([36mva
r[39m([33m--[39mspac
ing) [33m*[39m [35m4
[39m)}[33m.[39mgap[
33m-[39m[35m6[39m{ga
p[33m:[39mcalc([36mv
ar[39m([33m--[39mspa
cing) [33m*[39m [35m
6[39m)}[33m.[39mgap
[33m-[39m[35m8[39m{g
ap[33m:[39mcalc([36m
var[39m([33m--[39msp
acing) [33m*[39m [35
m8[39m)}[33m.[39mgap
[33m-[39m[35m10[39m
{gap[33m:[39mcalc([3
6mvar[39m([33m--[39m
spacing) [33m*[39m [
35m10[39m)}[33m.[39m
gap[33m-[39m[35m12[
39m{gap[33m:[39mcalc(
[36mvar[39m([33m--[
39mspacing) 
[33m*[39m [35m12[39
m)}[33m.[39mgap[33m-
[39m[35m16[39m{gap[
33m:[39mcalc([36mvar
[39m([33m--[39mspacin
g) [33m*[39m [35m16
[39m)}[33m:[39mwhere(
[33m.[39mspace[33m-
[39my[33m-[39m[35m1
[39m[33m>[39m[33m:[
39mnot([33m:[39mlast
[33m-[39mchild)){[33m
--[39mtw[33m-[39mspa
ce[33m-[39my[33m-[3
9mreverse[33m:[39m[3
5m0[39m[33m;[39mmarg
in[33m-[39mblock[33m
-[39mstart[33m:[39mc
alc(calc([36mvar[39m(
[33m--[39mspacing) 
[33m*[39m 
[35m1[39m) 
[33m*[39m [36mvar[3
9m([33m--[39mtw[33m-
[39mspace[33m-[39my
[33m-[39mreverse))[33
m;[39mmargin[33m-[39
mblock[33m-[39mend[3
3m:[39mcalc(calc([36m
var[39m([33m--[39msp
acing) [33m*[39m 
[35m1[39m) 
[33m*[39m 
calc([35m1[39m 
[33m-[39m [36mvar[3
9m([33m--[39mtw[33m-
[39mspace[33m-[39my
[33m-[39mreverse)))}[
33m:[39mwhere([33m.[
39mspace[33m-[39my[3
3m-[39m[35m2[39m[33
m>[39m[33m:[39mnot(
[33m:[39mlast[33m-[3
9mchild)){[33m--[39mt
w[33m-[39mspace[33m-
[39my[33m-[39mrevers
e[33m:[39m[35m0[39m
[33m;[39mmargin[33m-
[39mblock[33m-[39mst
art[33m:[39mcalc(calc
([36mvar[39m([33m--
[39mspacing) 
[33m*[39m 
[35m2[39m) 
[33m*[39m [36mvar[3
9m([33m--[39mtw[33m-
[39mspace[33m-[39my
[33m-[39mreverse))[33
m;[39mmargin[33m-[39
mblock[33m-[39mend[3
3m:[39mcalc(calc([36m
var[39m([33m--[39msp
acing) [33m*[39m 
[35m2[39m) 
[33m*[39m 
calc([35m1[39m 
[33m-[39m [36mvar[3
9m([33m--[39mtw[33m-
[39mspace[33m-[39my
[33m-[39mreverse)))}[
33m:[39mwhere([33m.[
39mspace[33m-[39my[3
3m-[39m[35m3[39m[33
m>[39m[33m:[39mnot(
[33m:[39mlast[33m-[3
9mchild)){[33m--[39mt
w[33m-[39mspace[33m-
[39my[33m-[39mrevers
e[33m:[39m[35m0[39m
[33m;[39mmargin[33m-
[39mblock[33m-[39mst
art[33m:[39mcalc(calc
([36mvar[39m([33m--
[39mspacing) 
[33m*[39m 
[35m3[39m) 
[33m*[39m [36mvar[3
9m([33m--[39mtw[33m-
[39mspace[33m-[39my
[33m-[39mreverse))[33
m;[39mmargin[33m-[39
mblock[33m-[39mend[3
3m:[39mcalc(calc([36m
var[39m([33m--[39msp
acing) [33m*[39m 
[35m3[39m) 
[33m*[39m 
calc([35m1[39m 
[33m-[39m [36mvar[3
9m([33m--[39mtw[33m-
[39mspace[33m-[39my
[33m-[39mreverse)))}[
33m:[39mwhere([33m.[
39mspace[33m-[39my[3
3m-[39m[35m4[39m[33
m>[39m[33m:[39mnot(
[33m:[39mlast[33m-[3
9mchild)){[33m--[39mt
w[33m-[39mspace[33m-
[39my[33m-[39mrevers
e[33m:[39m[35m0[39m
[33m;[39mmargin[33m-
[39mblock[33m-[39mst
art[33m:[39mcalc(calc
([36mvar[39m([33m--
[39mspacing) 
[33m*[39m 
[35m4[39m) 
[33m*[39m [36mvar[3
9m([33m--[39mtw[33m-
[39mspace[33m-[39my
[33m-[39mreverse))[33
m;[39mmargin[33m-[39
mblock[33m-[39mend[3
3m:[39mcalc(calc([36m
var[39m([33m--[39msp
acing) [33m*[39m 
[35m4[39m) 
[33m*[39m 
calc([35m1[39m 
[33m-[39m [36mvar[3
9m([33m--[39mtw[33m-
[39mspace[33m-[39my
[33m-[39mreverse)))}[
33m:[39mwhere([33m.[
39mspace[33m-[39my[3
3m-[39m[35m6[39m[33
m>[39m[33m:[39mnot(
[33m:[39mlast[33m-[3
9mchild)){[33m--[39mt
w[33m-[39mspace[33m-
[39my[33m-[39mrevers
e[33m:[39m[35m0[39m
[33m;[39mmargin[33m-
[39mblock[33m-[39mst
art[33m:[39mcalc(calc
([36mvar[39m([33m--
[39mspacing) 
[33m*[39m 
[35m6[39m) 
[33m*[39m [36mvar[3
9m([33m--[39mtw[33m-
[39mspace[33m-[39my
[33m-[39mreverse))[33
m;[39mmargin[33m-[39
mblock[33m-[39mend[3
3m:[39mcalc(calc([36m
var[39m([33m--[39msp
acing) [33m*[39m 
[35m6[39m) 
[33m*[39m 
calc([35m1[39m 
[33m-[39m [36mvar[3
9m([33m--[39mtw[33m-
[39mspace[33m-[39my
[33m-[39mreverse)))}[
33m:[39mwhere([33m.[
39mspace[33m-[39my[3
3m-[39m[35m8[39m[33
m>[39m[33m:[39mnot(
[33m:[39mlast[33m-[3
9mchild)){[33m--[39mt
w[33m-[39mspace[33m-
[39my[33m-[39mrevers
e[33m:[39m[35m0[39m
[33m;[39mmargin[33m-
[39mblock[33m-[39mst
art[33m:[39mcalc(calc
([36mvar[39m([33m--
[39mspacing) 
[33m*[39m 
[35m8[39m) 
[33m*[39m [36mvar[3
9m([33m--[39mtw[33m-
[39mspace[33m-[39my
[33m-[39mreverse))[33
m;[39mmargin[33m-[39
mblock[33m-[39mend[3
3m:[39mcalc(calc([36m
var[39m([33m--[39msp
acing) [33m*[39m 
[35m8[39m) 
[33m*[39m 
calc([35m1[39m 
[33m-[39m [36mvar[3
9m([33m--[39mtw[33m-
[39mspace[33m-[39my
[33m-[39mreverse)))}[
33m:[39mwhere([33m.[
39mspace[33m-[39my[3
3m-[39m[35m10[39m[3
3m>[39m[33m:[39mnot(
[33m:[39mlast[33m-[
39mchild)){[33m--[39m
tw[33m-[39mspace[33m
-[39my[33m-[39mrever
se[33m:[39m[35m0[39
m[33m;[39mmargin[33m
-[39mblock[33m-[39ms
tart[33m:[39mcalc(cal
c([36mvar[39m([33m--
[39mspacing) 
[33m*[39m 
[35m10[39m) 
[33m*[39m [36mvar[3
9m([33m--[39mtw[33m-
[39mspace[33m-[39my
[33m-[39mreverse))[33
m;[39mmargin[33m-[39
mblock[33m-[39mend[3
3m:[39mcalc(calc([36m
var[39m([33m--[39msp
acing) [33m*[39m 
[35m10[39m) 
[33m*[39m 
calc([35m1[39m 
[33m-[39m [36mvar[3
9m([33m--[39mtw[33m-
[39mspace[33m-[39my
[33m-[39mreverse)))}[
33m:[39mwhere([33m.[
39mspace[33m-[39my[3
3m-[39m[35m12[39m[3
3m>[39m[33m:[39mnot(
[33m:[39mlast[33m-[
39mchild)){[33m--[39m
tw[33m-[39mspace[33m
-[39my[33m-[39mrever
se[33m:[39m[35m0[39
m[33m;[39mmargin[33m
-[39mblock[33m-[39ms
tart[33m:[39mcalc(cal
c([36mvar[39m([33m--
[39mspacing) 
[33m*[39m 
[35m12[39m) 
[33m*[39m [36mvar[3
9m([33m--[39mtw[33m-
[39mspace[33m-[39my
[33m-[39mreverse))[33
m;[39mmargin[33m-[39
mblock[33m-[39mend[3
3m:[39mcalc(calc([36m
var[39m([33m--[39msp
acing) [33m*[39m 
[35m12[39m) 
[33m*[39m 
calc([35m1[39m 
[33m-[39m [36mvar[3
9m([33m--[39mtw[33m-
[39mspace[33m-[39my
[33m-[39mreverse)))}[
33m:[39mwhere([33m.[
39mspace[33m-[39my[3
3m-[39m[35m20[39m[3
3m>[39m[33m:[39mnot(
[33m:[39mlast[33m-[
39mchild)){[33m--[39m
tw[33m-[39mspace[33m
-[39my[33m-[39mrever
se[33m:[39m[35m0[39
m[33m;[39mmargin[33m
-[39mblock[33m-[39ms
tart[33m:[39mcalc(cal
c([36mvar[39m([33m--
[39mspacing) 
[33m*[39m 
[35m20[39m) 
[33m*[39m [36mvar[3
9m([33m--[39mtw[33m-
[39mspace[33m-[39my
[33m-[39mreverse))[33
m;[39mmargin[33m-[39
mblock[33m-[39mend[3
3m:[39mcalc(calc([36m
var[39m([33m--[39msp
acing) [33m*[39m 
[35m20[39m) 
[33m*[39m 
calc([35m1[39m 
[33m-[39m [36mvar[3
9m([33m--[39mtw[33m-
[39mspace[33m-[39my
[33m-[39mreverse)))}[
33m:[39mwhere([33m.[
39mspace[33m-[39my[3
3m-[39m[35m24[39m[3
3m>[39m[33m:[39mnot(
[33m:[39mlast[33m-[
39mchild)){[33m--[39m
tw[33m-[39mspace[33m
-[39my[33m-[39mrever
se[33m:[39m[35m0[39
m[33m;[39mmargin[33m
-[39mblock[33m-[39ms
tart[33m:[39mcalc(cal
c([36mvar[39m([33m--
[39mspacing) 
[33m*[39m 
[35m24[39m) 
[33m*[39m [36mvar[3
9m([33m--[39mtw[33m-
[39mspace[33m-[39my
[33m-[39mreverse))[33
m;[39mmargin[33m-[39
mblock[33m-[39mend[3
3m:[39mcalc(calc([36m
var[39m([33m--[39msp
acing) [33m*[39m 
[35m24[39m) 
[33m*[39m 
calc([35m1[39m 
[33m-[39m [36mvar[3
9m([33m--[39mtw[33m-
[39mspace[33m-[39my
[33m-[39mreverse)))}[
33m.[39mgap[33m-[39m
x[33m-[39m[35m6[39m
{column[33m-[39mgap[
33m:[39mcalc([36mvar
[39m([33m--[39mspacin
g) [33m*[39m [35m6[
39m)}[33m.[39mgap[33
m-[39my[33m-[39m[35
m12[39m{row[33m-[39m
gap[33m:[39mcalc([36
mvar[39m([33m--[39ms
pacing) [33m*[39m [3
5m12[39m)}[33m.[39mt
runcate{text[33m-[39m
overflow[33m:[39melli
psis[33m;[39mwhite[3
3m-[39mspace[33m:[39
mnowrap[33m;[39moverf
low[33m:[39mhidden}[
33m.[39moverflow[33m-
[39mhidden{overflow[3
3m:[39mhidden}[33m.[
39moverflow[33m-[39mx
[33m-[39mauto{overflo
w[33m-[39mx[33m:[39
mauto}[33m.[39mrounde
d{border[33m-[39mradi
us[33m:[39m[35m.25[
39mrem}[33m.[39mround
ed[33m-[39m[35m2[39
mxl{border[33m-[39mra
dius[33m:[39m[36mvar
[39m([33m--[39mradiu
s[33m-[39m[35m2[39m
xl)}[33m.[39mrounded
[33m-[39m[35m3[39mxl
{border[33m-[39mradiu
s[33m:[39m[36mvar[3
9m([33m--[39mradius[
33m-[39m[35m3[39mxl)
}[33m.[39mrounded[33
m-[39m[37m[41m[1m\
[22m[49m[39m[[35m12
[39mpx[37m[41m[1m\[
22m[49m[39m]{border[
33m-[39mradius[33m:[
39m[35m12[39mpx}[33m
.[39mrounded[33m-[39
m[37m[41m[1m\[22m[
49m[39m[[35m24[39mpx
[37m[41m[1m\[22m[4
9m[39m]{border[33m-[
39mradius[33m:[39m[3
5m24[39mpx}[33m.[39m
rounded[33m-[39m[37m
[41m[1m\[22m[49m[3
9m[[35m32[39mpx[37m
[41m[1m\[22m[49m[39
m]{border[33m-[39mrad
ius[33m:[39m[35m32[
39mpx}[33m.[39mrounde
d[33m-[39m[37m[41m
[1m\[22m[49m[39m[[3
5m40[39mpx[37m[41m[
1m\[22m[49m[39m]{bor
der[33m-[39mradius[3
3m:[39m[35m40[39mpx}
[33m.[39mrounded[33m
-[39mfull{border[33m-
[39mradius[33m:[39m
[35m3.40282e38[39mpx}
[33m.[39mrounded[33m-
[39mlg{border[33m-[3
9mradius[33m:[39m[36
mvar[39m([33m--[39mr
adius[33m-[39mlg)}[3
3m.[39mrounded[33m-[
39mmd{border[33m-[39m
radius[33m:[39m[36mv
ar[39m([33m--[39mrad
ius[33m-[39mmd)}[33m
.[39mrounded[33m-[39
mxl{border[33m-[39mra
dius[33m:[39m[36mvar
[39m([33m--[39mradiu
s[33m-[39mxl)}[33m.
[39mrounded[33m-[39mt
[33m-[39m[35m2[39mx
l{border[33m-[39mtop
[33m-[39mleft[33m-[3
9mradius[33m:[39m[36
mvar[39m([33m--[39mr
adius[33m-[39m[35m2
[39mxl)[33m;[39mborde
r[33m-[39mtop[33m-[
39mright[33m-[39mradi
us[33m:[39m[36mvar[
39m([33m--[39mradius
[33m-[39m[35m2[39mxl
)}[33m.[39mborder{bor
der[33m-[39mstyle[33
m:[39m[36mvar[39m([
33m--[39mtw[33m-[39m
border[33m-[39mstyle)
[33m;[39mborder[33m-
[39mwidth[33m:[39m[
35m1[39mpx}[33m.[39m
border[33m-[39m[35m2
[39m{border[33m-[39m
style[33m:[39m[36mva
r[39m([33m--[39mtw[
33m-[39mborder[33m-[
39mstyle)[33m;[39mbor
der[33m-[39mwidth[33
m:[39m[35m2[39mpx}[
33m.[39mborder[33m-[
39m[35m4[39m{border[
33m-[39mstyle[33m:[3
9m[36mvar[39m([33m--
[39mtw[33m-[39mborde
r[33m-[39mstyle)[33m
;[39mborder[33m-[39m
width[33m:[39m[35m4
[39mpx}[33m.[39mborde
r[33m-[39m[37m[41m
[1m\[22m[49m[39m[[3
5m2[39mpx[37m[41m[1
m\[22m[49m[39m]{bord
er[33m-[39mstyle[33m
:[39m[36mvar[39m([3
3m--[39mtw[33m-[39mb
order[33m-[39mstyle)
[33m;[39mborder[33m-
[39mwidth[33m:[39m[3
5m2[39mpx}[33m.[39mb
order[33m-[39mt{borde
r[33m-[39mtop[33m-[
39mstyle[33m:[39m[36
mvar[39m([33m--[39mt
w[33m-[39mborder[33m
-[39mstyle)[33m;[39m
border[33m-[39mtop[3
3m-[39mwidth[33m:[39
m[35m1[39mpx}[33m.[
39mborder[33m-[39mb{b
order[33m-[39mbottom
[33m-[39mstyle[33m:[
39m[36mvar[39m([33m-
-[39mtw[33m-[39mbord
er[33m-[39mstyle)[33
m;[39mborder[33m-[39
mbottom[33m-[39mwidth
[33m:[39m[35m1[39mp
x}[33m.[39mborder[33
m-[39ml[33m-[39m[35
m4[39m{border[33m-[3
9mleft[33m-[39mstyle
[33m:[39m[36mvar[39m
([33m--[39mtw[33m-[
39mborder[33m-[39msty
le)[33m;[39mborder[3
3m-[39mleft[33m-[39m
width[33m:[39m[35m4
[39mpx}[33m.[39mborde
r[33m-[39mdashed{[33
m--[39mtw[33m-[39mbo
rder[33m-[39mstyle[3
3m:[39mdashed[33m;[3
9mborder[33m-[39mstyl
e[33m:[39mdashed}[33
m.[39mborder[33m-[39
m[37m[41m[1m\[22m[
49m[39m[[37m[41m[1m
\[22m[49m[39m[33m#
[39m[35m0[39mea5e9[3
7m[41m[1m\[22m[49m
[39m]{border[33m-[39m
color[33m:[39m[33m#
[39m[35m0[39mea5e9}[
33m.[39mborder[33m-[
39mamber[33m-[39m[35
m200[39m{border[33m-
[39mcolor[33m:[39m[3
6mvar[39m([33m--[39m
color[33m-[39mamber[
33m-[39m[35m200[39m)
}[33m.[39mborder[33m
-[39mblue[33m-[39m[
35m100[39m{border[33m
-[39mcolor[33m:[39m
[36mvar[39m([33m--[3
9mcolor[33m-[39mblue
[33m-[39m[35m100[39m
)}[33m.[39mborder[33
m-[39mblue[33m-[39m
[35m200[39m{border[33
m-[39mcolor[33m:[39m
[36mvar[39m([33m--[
39mcolor[33m-[39mblue
[33m-[39m[35m200[39
m)}[33m.[39mborder[3
3m-[39mblue[33m-[39m
[35m400[39m[37m[41m
[1m\[22m[49m[39m[3
3m/[39m[35m30[39m{bo
rder[33m-[39mcolor[3
3m:[39m[33m#[39m[35
m54[39ma2ff4d}[33m@[
39msupports (color[33m
:[39mcolor[33m-[39mm
ix([36min[39m 
lab[33m,[39m 
red[33m,[39m red)){[
33m.[39mborder[33m-[
39mblue[33m-[39m[35m
400[39m[37m[41m[1m\
[22m[49m[39m[33m/[
39m[35m30[39m{border
[33m-[39mcolor[33m:[
39mcolor[33m-[39mmix(
[36min[39m 
oklab[33m,[39m [36mv
ar[39m([33m--[39mcol
or[33m-[39mblue[33m-
[39m[35m400[39m) [3
5m30[39m[33m%[39m[3
3m,[39m transparent)}}
[33m.[39mborder[33m-
[39mblue[33m-[39m[3
5m400[39m[37m[41m[1
m\[22m[49m[39m[33m/
[39m[35m50[39m{borde
r[33m-[39mcolor[33m:
[39m[33m#[39m[35m54
[39ma2ff80}[33m@[39m
supports (color[33m:[
39mcolor[33m-[39mmix(
[36min[39m 
lab[33m,[39m 
red[33m,[39m red)){[
33m.[39mborder[33m-[
39mblue[33m-[39m[35m
400[39m[37m[41m[1m\
[22m[49m[39m[33m/[
39m[35m50[39m{border
[33m-[39mcolor[33m:[
39mcolor[33m-[39mmix(
[36min[39m 
oklab[33m,[39m [36mv
ar[39m([33m--[39mcol
or[33m-[39mblue[33m-
[39m[35m400[39m) [3
5m50[39m[33m%[39m[3
3m,[39m transparent)}}
[33m.[39mborder[33m-
[39mblue[33m-[39m[3
5m500[39m{border[33m-
[39mcolor[33m:[39m[
36mvar[39m([33m--[39
mcolor[33m-[39mblue[
33m-[39m[35m500[39m)
}[33m.[39mborder[33m
-[39mblue[33m-[39m[
35m500[39m[37m[41m[
1m\[22m[49m[39m[33m
/[39m[35m30[39m{bord
er[33m-[39mcolor[33m
:[39m[33m#[39m[35m3
080[39mff4d}[33m@[39
msupports (color[33m:
[39mcolor[33m-[39mmix
([36min[39m 
lab[33m,[39m 
red[33m,[39m red)){[
33m.[39mborder[33m-[
39mblue[33m-[39m[35m
500[39m[37m[41m[1m\
[22m[49m[39m[33m/[
39m[35m30[39m{border
[33m-[39mcolor[33m:[
39mcolor[33m-[39mmix(
[36min[39m 
oklab[33m,[39m [36mv
ar[39m([33m--[39mcol
or[33m-[39mblue[33m-
[39m[35m500[39m) [3
5m30[39m[33m%[39m[3
3m,[39m transparent)}}
[33m.[39mborder[33m-
[39mblue[33m-[39m[3
5m800[39m{border[33m-
[39mcolor[33m:[39m[
36mvar[39m([33m--[39
mcolor[33m-[39mblue[
33m-[39m[35m800[39m)
}[33m.[39mborder[33m
-[39mblue[33m-[39m[
35m900[39m{border[33m
-[39mcolor[33m:[39m
[36mvar[39m([33m--[3
9mcolor[33m-[39mblue
[33m-[39m[35m900[39m
)}[33m.[39mborder[33
m-[39mred[33m-[39m[
35m200[39m{border[33m
-[39mcolor[33m:[39m
[36mvar[39m([33m--[3
9mcolor[33m-[39mred[
33m-[39m[35m200[39m)
}[33m.[39mborder[33m
-[39mred[33m-[39m[3
5m500[39m[37m[41m[1
m\[22m[49m[39m[33m/
[39m[35m30[39m{borde
r[33m-[39mcolor[33m:
[39m[33m#[39mfb2c364
d}[33m@[39msupports (
color[33m:[39mcolor[
33m-[39mmix([36min[3
9m lab[33m,[39m 
red[33m,[39m red)){[
33m.[39mborder[33m-[
39mred[33m-[39m[35m5
00[39m[37m[41m[1m\
[22m[49m[39m[33m/[3
9m[35m30[39m{border[
33m-[39mcolor[33m:[3
9mcolor[33m-[39mmix(
[36min[39m 
oklab[33m,[39m [36mv
ar[39m([33m--[39mcol
or[33m-[39mred[33m-
[39m[35m500[39m) [35
m30[39m[33m%[39m[33
m,[39m transparent)}}
[33m.[39mborder[33m-
[39mslate[33m-[39m[3
5m50[39m{border[33m-
[39mcolor[33m:[39m[3
6mvar[39m([33m--[39m
color[33m-[39mslate[
33m-[39m[35m50[39m)}
[33m.[39mborder[33m-
[39mslate[33m-[39m[
35m100[39m{border[33m
-[39mcolor[33m:[39m
[36mvar[39m([33m--[3
9mcolor[33m-[39mslate
[33m-[39m[35m100[39
m)}[33m.[39mborder[3
3m-[39mslate[33m-[39
m[35m200[39m{border[
33m-[39mcolor[33m:[3
9m[36mvar[39m([33m--
[39mcolor[33m-[39msl
ate[33m-[39m[35m200
[39m)}[33m.[39mborder
[33m-[39mslate[33m-
[39m[35m300[39m{borde
r[33m-[39mcolor[33m:
[39m[36mvar[39m([33
m--[39mcolor[33m-[39
mslate[33m-[39m[35m3
00[39m)}[33m.[39mbor
der[33m-[39mwhite{bor
der[33m-[39mcolor[33
m:[39m[36mvar[39m([
33m--[39mcolor[33m-[
39mwhite)}[33m.[39mbo
rder[33m-[39mwhite[3
7m[41m[1m\[22m[49m
[39m[33m/[39m[35m30
[39m{border[33m-[39mc
olor[33m:[39m[33m#[
39mffffff4d}[33m@[39m
supports (color[33m:[
39mcolor[33m-[39mmix(
[36min[39m 
lab[33m,[39m 
red[33m,[39m red)){[
33m.[39mborder[33m-[
39mwhite[37m[41m[1m\
[22m[49m[39m[33m/[
39m[35m30[39m{border
[33m-[39mcolor[33m:[
39mcolor[33m-[39mmix(
[36min[39m 
oklab[33m,[39m [36mv
ar[39m([33m--[39mcol
or[33m-[39mwhite) [3
5m30[39m[33m%[39m[3
3m,[39m transparent)}}
[33m.[39mborder[33m-
[39mwhite[37m[41m[1
m\[22m[49m[39m[33m/
[39m[35m40[39m{borde
r[33m-[39mcolor[33m:
[39m[33m#[39mfff6}[
33m@[39msupports (colo
r[33m:[39mcolor[33m-
[39mmix([36min[39m 
lab[33m,[39m 
red[33m,[39m red)){[
33m.[39mborder[33m-[
39mwhite[37m[41m[1m\
[22m[49m[39m[33m/[
39m[35m40[39m{border
[33m-[39mcolor[33m:[
39mcolor[33m-[39mmix(
[36min[39m 
oklab[33m,[39m [36mv
ar[39m([33m--[39mcol
or[33m-[39mwhite) [3
5m40[39m[33m%[39m[3
3m,[39m transparent)}}
[33m.[39mborder[33m-
[39mt[33m-[39mwhite{
border[33m-[39mtop[3
3m-[39mcolor[33m:[39
m[36mvar[39m([33m--
[39mcolor[33m-[39mwhi
te)}[33m.[39mborder[
33m-[39ml[33m-[39mor
ange[33m-[39m[35m500
[39m{border[33m-[39m
left[33m-[39mcolor[3
3m:[39m[36mvar[39m(
[33m--[39mcolor[33m-
[39morange[33m-[39m[
35m500[39m)}[33m.[39
mbg[33m-[39m[37m[41
m[1m\[22m[49m[39m[
[37m[41m[1m\[22m[49
m[39m[33m#[39m[35m1
e5[39maa0[37m[41m[1
m\[22m[49m[39m]{back
ground[33m-[39mcolor
[33m:[39m[33m#[39m[
35m1e5[39maa0}[33m.[
39mbg[33m-[39m[37m[
41m[1m\[22m[49m[39m
[[37m[41m[1m\[22m[
49m[39m[33m#[39mf8fa
fc[37m[41m[1m\[22m
[49m[39m][37m[41m[1
m\[22m[49m[39m[33m/
[39m[35m50[39m{backg
round[33m-[39mcolor[
33m:[39moklab([35m98.
4152[39m[33m%[39m [
33m-[39m[35m.00128633
[39m [33m-[39m[35m.
00316095[39m[33m/[39
m[35m.5[39m)}[33m.[
39mbg[33m-[39mamber[
33m-[39m[35m50[39m{b
ackground[33m-[39mcol
or[33m:[39m[36mvar[
39m([33m--[39mcolor[
33m-[39mamber[33m-[3
9m[35m50[39m)}[33m.
[39mbg[33m-[39mblue[
33m-[39m[35m50[39m{b
ackground[33m-[39mcol
or[33m:[39m[36mvar[
39m([33m--[39mcolor[
33m-[39mblue[33m-[39
m[35m50[39m)}[33m.[
39mbg[33m-[39mblue[3
3m-[39m[35m50[39m[3
7m[41m[1m\[22m[49m
[39m[33m/[39m[35m30
[39m{background[33m-[
39mcolor[33m:[39m[33
m#[39meff6ff4d}[33m@
[39msupports (color[33
m:[39mcolor[33m-[39m
mix([36min[39m 
lab[33m,[39m 
red[33m,[39m red)){[
33m.[39mbg[33m-[39mb
lue[33m-[39m[35m50[
39m[37m[41m[1m\[22m
[49m[39m[33m/[39m[
35m30[39m{background[
33m-[39mcolor[33m:[3
9mcolor[33m-[39mmix(
[36min[39m 
oklab[33m,[39m [36mv
ar[39m([33m--[39mcol
or[33m-[39mblue[33m-
[39m[35m50[39m) [35
m30[39m[33m%[39m[33
m,[39m transparent)}}
[33m.[39mbg[33m-[39m
blue[33m-[39m[35m100
[39m{background[33m-
[39mcolor[33m:[39m[3
6mvar[39m([33m--[39m
color[33m-[39mblue[3
3m-[39m[35m100[39m)}
[33m.[39mbg[33m-[39
mblue[33m-[39m[35m40
0[39m{background[33m-
[39mcolor[33m:[39m[
36mvar[39m([33m--[39
mcolor[33m-[39mblue[
33m-[39m[35m400[39m)
}[33m.[39mbg[33m-[3
9mblue[33m-[39m[35m5
00[39m{background[33m
-[39mcolor[33m:[39m
[36mvar[39m([33m--[3
9mcolor[33m-[39mblue
[33m-[39m[35m500[39m
)}[33m.[39mbg[33m-[
39mblue[33m-[39m[35m
500[39m[37m[41m[1m\
[22m[49m[39m[33m/[
39m[35m5[39m{backgrou
nd[33m-[39mcolor[33m
:[39m[33m#[39m[35m3
080[39mff0d}[33m@[39
msupports (color[33m:
[39mcolor[33m-[39mmix
([36min[39m 
lab[33m,[39m 
red[33m,[39m red)){[
33m.[39mbg[33m-[39mb
lue[33m-[39m[35m500
[39m[37m[41m[1m\[22
m[49m[39m[33m/[39m
[35m5[39m{background[
33m-[39mcolor[33m:[3
9mcolor[33m-[39mmix(
[36min[39m 
oklab[33m,[39m [36mv
ar[39m([33m--[39mcol
or[33m-[39mblue[33m-
[39m[35m500[39m) [3
5m5[39m[33m%[39m[33
m,[39m transparent)}}
[33m.[39mbg[33m-[39m
blue[33m-[39m[35m500
[39m[37m[41m[1m\[2
2m[49m[39m[33m/[39m
[35m10[39m{background
[33m-[39mcolor[33m:
[39m[33m#[39m[35m308
0[39mff1a}[33m@[39ms
upports (color[33m:[3
9mcolor[33m-[39mmix(
[36min[39m 
lab[33m,[39m 
red[33m,[39m red)){[
33m.[39mbg[33m-[39mb
lue[33m-[39m[35m500
[39m[37m[41m[1m\[22
m[49m[39m[33m/[39m
[35m10[39m{background
[33m-[39mcolor[33m:[
39mcolor[33m-[39mmix(
[36min[39m 
oklab[33m,[39m [36mv
ar[39m([33m--[39mcol
or[33m-[39mblue[33m-
[39m[35m500[39m) [3
5m10[39m[33m%[39m[3
3m,[39m transparent)}}
[33m.[39mbg[33m-[39
mblue[33m-[39m[35m50
0[39m[37m[41m[1m\[
22m[49m[39m[33m/[39
m[35m20[39m{backgroun
d[33m-[39mcolor[33m:
[39m[33m#[39m[35m30
80[39mff33}[33m@[39m
supports (color[33m:[
39mcolor[33m-[39mmix(
[36min[39m 
lab[33m,[39m 
red[33m,[39m red)){[
33m.[39mbg[33m-[39mb
lue[33m-[39m[35m500
[39m[37m[41m[1m\[22
m[49m[39m[33m/[39m
[35m20[39m{background
[33m-[39mcolor[33m:[
39mcolor[33m-[39mmix(
[36min[39m 
oklab[33m,[39m [36mv
ar[39m([33m--[39mcol
or[33m-[39mblue[33m-
[39m[35m500[39m) [3
5m20[39m[33m%[39m[3
3m,[39m transparent)}}
[33m.[39mbg[33m-[39
mblue[33m-[39m[35m60
0[39m{background[33m-
[39mcolor[33m:[39m[
36mvar[39m([33m--[39
mcolor[33m-[39mblue[
33m-[39m[35m600[39m)
}[33m.[39mbg[33m-[3
9mblue[33m-[39m[35m8
00[39m[37m[41m[1m\
[22m[49m[39m[33m/[3
9m[35m30[39m{backgrou
nd[33m-[39mcolor[33m
:[39m[33m#[39m[35m1
93[39mcb84d}[33m@[39
msupports (color[33m:
[39mcolor[33m-[39mmix
([36min[39m 
lab[33m,[39m 
red[33m,[39m red)){[
33m.[39mbg[33m-[39mb
lue[33m-[39m[35m800
[39m[37m[41m[1m\[22
m[49m[39m[33m/[39m
[35m30[39m{background
[33m-[39mcolor[33m:[
39mcolor[33m-[39mmix(
[36min[39m 
oklab[33m,[39m [36mv
ar[39m([33m--[39mcol
or[33m-[39mblue[33m-
[39m[35m800[39m) [3
5m30[39m[33m%[39m[3
3m,[39m transparent)}}
[33m.[39mbg[33m-[39
mblue[33m-[39m[35m80
0[39m[37m[41m[1m\[
22m[49m[39m[33m/[39
m[35m50[39m{backgroun
d[33m-[39mcolor[33m:
[39m[33m#[39m[35m19
3[39mcb880}[33m@[39m
supports (color[33m:[
39mcolor[33m-[39mmix(
[36min[39m 
lab[33m,[39m 
red[33m,[39m red)){[
33m.[39mbg[33m-[39mb
lue[33m-[39m[35m800
[39m[37m[41m[1m\[22
m[49m[39m[33m/[39m
[35m50[39m{background
[33m-[39mcolor[33m:[
39mcolor[33m-[39mmix(
[36min[39m 
oklab[33m,[39m [36mv
ar[39m([33m--[39mcol
or[33m-[39mblue[33m-
[39m[35m800[39m) [3
5m50[39m[33m%[39m[3
3m,[39m transparent)}}
[33m.[39mbg[33m-[39
mblue[33m-[39m[35m90
0[39m{background[33m-
[39mcolor[33m:[39m[
36mvar[39m([33m--[39
mcolor[33m-[39mblue[
33m-[39m[35m900[39m)
}[33m.[39mbg[33m-[3
9mblue[33m-[39m[35m9
00[39m[37m[41m[1m\
[22m[49m[39m[33m/[3
9m[35m30[39m{backgrou
nd[33m-[39mcolor[33m
:[39m[33m#[39m[35m1
[39mc398e4d}[33m@[39
msupports (color[33m:
[39mcolor[33m-[39mmix
([36min[39m 
lab[33m,[39m 
red[33m,[39m red)){[
33m.[39mbg[33m-[39mb
lue[33m-[39m[35m900
[39m[37m[41m[1m\[22
m[49m[39m[33m/[39m
[35m30[39m{background
[33m-[39mcolor[33m:[
39mcolor[33m-[39mmix(
[36min[39m 
oklab[33m,[39m [36mv
ar[39m([33m--[39mcol
or[33m-[39mblue[33m-
[39m[35m900[39m) [3
5m30[39m[33m%[39m[3
3m,[39m transparent)}}
[33m.[39mbg[33m-[39
mblue[33m-[39m[35m90
0[39m[37m[41m[1m\[
22m[49m[39m[33m/[39
m[35m40[39m{backgroun
d[33m-[39mcolor[33m:
[39m[33m#[39m[35m1
[39mc398e66}[33m@[39m
supports (color[33m:[
39mcolor[33m-[39mmix(
[36min[39m 
lab[33m,[39m 
red[33m,[39m red)){[
33m.[39mbg[33m-[39mb
lue[33m-[39m[35m900
[39m[37m[41m[1m\[22
m[49m[39m[33m/[39m
[35m40[39m{background
[33m-[39mcolor[33m:[
39mcolor[33m-[39mmix(
[36min[39m 
oklab[33m,[39m [36mv
ar[39m([33m--[39mcol
or[33m-[39mblue[33m-
[39m[35m900[39m) [3
5m40[39m[33m%[39m[3
3m,[39m transparent)}}
[33m.[39mbg[33m-[39
mcyan[33m-[39m[35m50
0[39m{background[33m-
[39mcolor[33m:[39m[
36mvar[39m([33m--[39
mcolor[33m-[39mcyan[
33m-[39m[35m500[39m)
}[33m.[39mbg[33m-[3
9morange[33m-[39m[35
m600[39m{background[3
3m-[39mcolor[33m:[39
m[36mvar[39m([33m--
[39mcolor[33m-[39mora
nge[33m-[39m[35m600
[39m)}[33m.[39mbg[33
m-[39mpurple[33m-[39
m[35m600[39m{backgrou
nd[33m-[39mcolor[33m
:[39m[36mvar[39m([3
3m--[39mcolor[33m-[3
9mpurple[33m-[39m[35
m600[39m)}[33m.[39mb
g[33m-[39mred[33m-[
39m[35m50[39m{backgro
und[33m-[39mcolor[33
m:[39m[36mvar[39m([
33m--[39mcolor[33m-[
39mred[33m-[39m[35m5
0[39m)}[33m.[39mbg[
33m-[39mred[33m-[39m
[35m100[39m{backgroun
d[33m-[39mcolor[33m:
[39m[36mvar[39m([33
m--[39mcolor[33m-[39
mred[33m-[39m[35m100
[39m)}[33m.[39mbg[3
3m-[39mred[33m-[39m
[35m500[39m[37m[41m
[1m\[22m[49m[39m[33
m/[39m[35m10[39m{bac
kground[33m-[39mcolor
[33m:[39m[33m#[39mf
b2c361a}[33m@[39msupp
orts (color[33m:[39mc
olor[33m-[39mmix([36
min[39m 
lab[33m,[39m 
red[33m,[39m red)){[
33m.[39mbg[33m-[39mr
ed[33m-[39m[35m500[
39m[37m[41m[1m\[22m
[49m[39m[33m/[39m[
35m10[39m{background[
33m-[39mcolor[33m:[3
9mcolor[33m-[39mmix(
[36min[39m 
oklab[33m,[39m [36mv
ar[39m([33m--[39mcol
or[33m-[39mred[33m-
[39m[35m500[39m) [35
m10[39m[33m%[39m[33
m,[39m transparent)}}
[33m.[39mbg[33m-[39m
red[33m-[39m[35m600
[39m{background[33m-[
39mcolor[33m:[39m[36
mvar[39m([33m--[39mc
olor[33m-[39mred[33m
-[39m[35m600[39m)}[
33m.[39mbg[33m-[39mr
ed[33m-[39m[35m900[
39m[37m[41m[1m\[22m
[49m[39m[33m/[39m[
35m40[39m{background[
33m-[39mcolor[33m:[3
9m[33m#[39m[35m82181
[39ma66}[33m@[39msup
ports (color[33m:[39m
color[33m-[39mmix([3
6min[39m 
lab[33m,[39m 
red[33m,[39m red)){[
33m.[39mbg[33m-[39mr
ed[33m-[39m[35m900[
39m[37m[41m[1m\[22m
[49m[39m[33m/[39m[
35m40[39m{background[
33m-[39mcolor[33m:[3
9mcolor[33m-[39mmix(
[36min[39m 
oklab[33m,[39m [36mv
ar[39m([33m--[39mcol
or[33m-[39mred[33m-
[39m[35m900[39m) [35
m40[39m[33m%[39m[33
m,[39m transparent)}}
[33m.[39mbg[33m-[39m
slate[33m-[39m[35m50
[39m{background[33m-
[39mcolor[33m:[39m[3
6mvar[39m([33m--[39m
color[33m-[39mslate[
33m-[39m[35m50[39m)}
[33m.[39mbg[33m-[39
mslate[33m-[39m[35m1
00[39m{background[33m
-[39mcolor[33m:[39m
[36mvar[39m([33m--[3
9mcolor[33m-[39mslate
[33m-[39m[35m100[39
m)}[33m.[39mbg[33m-
[39mslate[33m-[39m[3
5m200[39m{background[
33m-[39mcolor[33m:[3
9m[36mvar[39m([33m--
[39mcolor[33m-[39msl
ate[33m-[39m[35m200
[39m)}[33m.[39mbg[33
m-[39mslate[33m-[39m
[35m700[39m{backgroun
d[33m-[39mcolor[33m:
[39m[36mvar[39m([33
m--[39mcolor[33m-[39
mslate[33m-[39m[35m7
00[39m)}[33m.[39mbg
[33m-[39mteal[33m-[3
9m[35m50[39m{backgrou
nd[33m-[39mcolor[33m
:[39m[36mvar[39m([3
3m--[39mcolor[33m-[3
9mteal[33m-[39m[35m5
0[39m)}[33m.[39mbg[
33m-[39mteal[33m-[39
m[35m600[39m{backgrou
nd[33m-[39mcolor[33m
:[39m[36mvar[39m([3
3m--[39mcolor[33m-[3
9mteal[33m-[39m[35m6
00[39m)}[33m.[39mbg
[33m-[39mwhite{backgro
und[33m-[39mcolor[33
m:[39m[36mvar[39m([
33m--[39mcolor[33m-[
39mwhite)}[33m.[39mbg
[33m-[39mwhite[37m[
41m[1m\[22m[49m[39m
[33m/[39m[35m10[39m
{background[33m-[39mc
olor[33m:[39m[33m#[
39mffffff1a}[33m@[39m
supports (color[33m:[
39mcolor[33m-[39mmix(
[36min[39m 
lab[33m,[39m 
red[33m,[39m red)){[
33m.[39mbg[33m-[39mw
hite[37m[41m[1m\[22
m[49m[39m[33m/[39m
[35m10[39m{background
[33m-[39mcolor[33m:[
39mcolor[33m-[39mmix(
[36min[39m 
oklab[33m,[39m [36mv
ar[39m([33m--[39mcol
or[33m-[39mwhite) [3
5m10[39m[33m%[39m[3
3m,[39m transparent)}}
[33m.[39mbg[33m-[39
mwhite[37m[41m[1m\[
22m[49m[39m[33m/[39
m[35m50[39m{backgroun
d[33m-[39mcolor[33m:
[39m[33m#[39mffffff8
0}[33m@[39msupports (
color[33m:[39mcolor[
33m-[39mmix([36min[3
9m lab[33m,[39m 
red[33m,[39m red)){[
33m.[39mbg[33m-[39mw
hite[37m[41m[1m\[22
m[49m[39m[33m/[39m
[35m50[39m{background
[33m-[39mcolor[33m:[
39mcolor[33m-[39mmix(
[36min[39m 
oklab[33m,[39m [36mv
ar[39m([33m--[39mcol
or[33m-[39mwhite) [3
5m50[39m[33m%[39m[3
3m,[39m transparent)}}
[33m.[39mbg[33m-[39
mwhite[37m[41m[1m\[
22m[49m[39m[33m/[39
m[35m95[39m{backgroun
d[33m-[39mcolor[33m:
[39m[33m#[39mfffffff
2}[33m@[39msupports (
color[33m:[39mcolor[
33m-[39mmix([36min[3
9m lab[33m,[39m 
red[33m,[39m red)){[
33m.[39mbg[33m-[39mw
hite[37m[41m[1m\[22
m[49m[39m[33m/[39m
[35m95[39m{background
[33m-[39mcolor[33m:[
39mcolor[33m-[39mmix(
[36min[39m 
oklab[33m,[39m [36mv
ar[39m([33m--[39mcol
or[33m-[39mwhite) [3
5m95[39m[33m%[39m[3
3m,[39m transparent)}}
[33m.[39mbg[33m-[39
mgradient[33m-[39mto
[33m-[39mbr{[33m--[3
9mtw[33m-[39mgradient
[33m-[39mposition[33
m:[39mto bottom right 
[36min[39m oklab[33m
;[39mbackground[33m-
[39mimage[33m:[39mlin
ear[33m-[39mgradient(
[36mvar[39m([33m--[
39mtw[33m-[39mgradien
t[33m-[39mstops))}[3
3m.[39mbg[33m-[39mgr
adient[33m-[39mto[33
m-[39mr{[33m--[39mtw
[33m-[39mgradient[33
m-[39mposition[33m:[
39mto right 
[36min[39m oklab[33m
;[39mbackground[33m-
[39mimage[33m:[39mlin
ear[33m-[39mgradient(
[36mvar[39m([33m--[
39mtw[33m-[39mgradien
t[33m-[39mstops))}[3
3m.[39mbg[33m-[39mgr
adient[33m-[39mto[33
m-[39mt{[33m--[39mtw
[33m-[39mgradient[33
m-[39mposition[33m:[
39mto top [36min[39m 
oklab[33m;[39mbackgro
und[33m-[39mimage[33
m:[39mlinear[33m-[39
mgradient([36mvar[39m
([33m--[39mtw[33m-[
39mgradient[33m-[39ms
tops))}[33m.[39mbg[3
3m-[39m[37m[41m[1m\
[22m[49m[39m[url[37
m[41m[1m\[22m[49m[
39m([37m[41m[1m\[22
m[49m[39m[33m&[39m
[37m[41m[1m\[22m[49
m[39m[33m#[39mx27[3
7m[41m[1m\[22m[49m
[39m[33m;[39m[37m[4
1m[1m\[22m[49m[39m
[33m/[39mgrid[37m[41
m[1m\[22m[49m[39m[
33m.[39msvg[37m[41m
[1m\[22m[49m[39m[33
m&[39m[37m[41m[1m\
[22m[49m[39m[33m#[3
9mx27[37m[41m[1m\[2
2m[49m[39m[33m;[39m
[37m[41m[1m\[22m[4
9m[39m)[37m[41m[1m\
[22m[49m[39m]{backgr
ound[33m-[39mimage[3
3m:[39murl([33m&[39m
[33m#[39mx27[33m;[3
9m[33m/[39mgrid[33m.
[39msvg[33m&[39m[33
m#[39mx27[33m;[39m)}
[33m.[39mbg[33m-[39
m[37m[41m[1m\[22m[
49m[39m[url[37m[41m
[1m\[22m[49m[39m([3
7m[41m[1m\[22m[49m
[39m[32m'\/grid\.svg\'
\)\],.bg-\[url\(\/grid\
.svg\)\]{background-ima
ge:url(/grid.svg)}.from
-black\/40{--tw-gradien
t-from:#0006}@supports 
(color:color-mix(in 
lab, red, red)){.from-b
lack\/40{--tw-gradient-
from:color-mix(in 
oklab, 
var(--color-black) 
40%, transparent)}}.fro
m-black\/40{--tw-gradie
nt-stops:var(--tw-gradi
ent-via-stops,var(--tw-
gradient-position), var
(--tw-gradient-from) va
r(--tw-gradient-from-po
sition), 
var(--tw-gradient-to) v
ar(--tw-gradient-to-pos
ition))}.from-blue-300{
--tw-gradient-from:var(
--color-blue-300);--tw-
gradient-stops:var(--tw
-gradient-via-stops,var
(--tw-gradient-position
), var(--tw-gradient-fr
om) var(--tw-gradient-f
rom-position), 
var(--tw-gradient-to) v
ar(--tw-gradient-to-pos
ition))}.from-blue-400{
--tw-gradient-from:var(
--color-blue-400);--tw-
gradient-stops:var(--tw
-gradient-via-stops,var
(--tw-gradient-position
), var(--tw-gradient-fr
om) var(--tw-gradient-f
rom-position), 
var(--tw-gradient-to) v
ar(--tw-gradient-to-pos
ition))}.from-blue-600{
--tw-gradient-from:var(
--color-blue-600);--tw-
gradient-stops:var(--tw
-gradient-via-stops,var
(--tw-gradient-position
), var(--tw-gradient-fr
om) var(--tw-gradient-f
rom-position), 
var(--tw-gradient-to) v
ar(--tw-gradient-to-pos
ition))}.from-blue-700{
--tw-gradient-from:var(
--color-blue-700);--tw-
gradient-stops:var(--tw
-gradient-via-stops,var
(--tw-gradient-position
), var(--tw-gradient-fr
om) var(--tw-gradient-f
rom-position), 
var(--tw-gradient-to) v
ar(--tw-gradient-to-pos
ition))}.from-blue-900{
--tw-gradient-from:var(
--color-blue-900);--tw-
gradient-stops:var(--tw
-gradient-via-stops,var
(--tw-gradient-position
), var(--tw-gradient-fr
om) var(--tw-gradient-f
rom-position), 
var(--tw-gradient-to) v
ar(--tw-gradient-to-pos
ition))}.from-red-500{-
-tw-gradient-from:var(-
-color-red-500);--tw-gr
adient-stops:var(--tw-g
radient-via-stops,var(-
-tw-gradient-position),
 var(--tw-gradient-from
) var(--tw-gradient-fro
m-position), 
var(--tw-gradient-to) v
ar(--tw-gradient-to-pos
ition))}.from-red-600{-
-tw-gradient-from:var(-
-color-red-600);--tw-gr
adient-stops:var(--tw-g
radient-via-stops,var(-
-tw-gradient-position),
 var(--tw-gradient-from
) var(--tw-gradient-fro
m-position), 
var(--tw-gradient-to) v
ar(--tw-gradient-to-pos
ition))}.from-slate-200
{--tw-gradient-from:var
(--color-slate-200);--t
w-gradient-stops:var(--
tw-gradient-via-stops,v
ar(--tw-gradient-positi
on), var(--tw-gradient-
from) var(--tw-gradient
-from-position), 
var(--tw-gradient-to) v
ar(--tw-gradient-to-pos
ition))}.from-slate-900
\/90{--tw-gradient-from
:#0f172be6}@supports 
(color:color-mix(in 
lab, red, red)){.from-s
late-900\/90{--tw-gradi
ent-from:color-mix(in 
oklab, 
var(--color-slate-900) 
90%, transparent)}}.fro
m-slate-900\/90{--tw-gr
adient-stops:var(--tw-g
radient-via-stops,var(-
-tw-gradient-position),
 var(--tw-gradient-from
) var(--tw-gradient-fro
m-position), 
var(--tw-gradient-to) v
ar(--tw-gradient-to-pos
ition))}.from-white{--t
w-gradient-from:var(--c
olor-white);--tw-gradie
nt-stops:var(--tw-gradi
ent-via-stops,var(--tw-
gradient-position), var
(--tw-gradient-from) va
r(--tw-gradient-from-po
sition), 
var(--tw-gradient-to) v
ar(--tw-gradient-to-pos
ition))}.via-blue-600{-
-tw-gradient-via:var(--
color-blue-600);--tw-gr
adient-via-stops:var(--
tw-gradient-position), 
var(--tw-gradient-from)
 var(--tw-gradient-from
-position), 
var(--tw-gradient-via) 
var(--tw-gradient-via-p
osition), 
var(--tw-gradient-to) v
ar(--tw-gradient-to-pos
ition);--tw-gradient-st
ops:var(--tw-gradient-v
ia-stops)}.via-blue-800
{--tw-gradient-via:var(
--color-blue-800);--tw-
gradient-via-stops:var(
--tw-gradient-position)
, var(--tw-gradient-fro
m) var(--tw-gradient-fr
om-position), 
var(--tw-gradient-via) 
var(--tw-gradient-via-p
osition), 
var(--tw-gradient-to) v
ar(--tw-gradient-to-pos
ition);--tw-gradient-st
ops:var(--tw-gradient-v
ia-stops)}.via-orange-5
00{--tw-gradient-via:va
r(--color-orange-500);-
-tw-gradient-via-stops:
var(--tw-gradient-posit
ion), var(--tw-gradient
-from) var(--tw-gradien
t-from-position), 
var(--tw-gradient-via) 
var(--tw-gradient-via-p
osition), 
var(--tw-gradient-to) v
ar(--tw-gradient-to-pos
ition);--tw-gradient-st
ops:var(--tw-gradient-v
ia-stops)}.via-slate-20
0{--tw-gradient-via:var
(--color-slate-200);--t
w-gradient-via-stops:va
r(--tw-gradient-positio
n), var(--tw-gradient-f
rom) var(--tw-gradient-
from-position), 
var(--tw-gradient-via) 
var(--tw-gradient-via-p
osition), 
var(--tw-gradient-to) v
ar(--tw-gradient-to-pos
ition);--tw-gradient-st
ops:var(--tw-gradient-v
ia-stops)}.to-amber-500
{--tw-gradient-to:var(-
-color-amber-500);--tw-
gradient-stops:var(--tw
-gradient-via-stops,var
(--tw-gradient-position
), var(--tw-gradient-fr
om) var(--tw-gradient-f
rom-position), 
var(--tw-gradient-to) v
ar(--tw-gradient-to-pos
ition))}.to-blue-100{--
tw-gradient-to:var(--co
lor-blue-100);--tw-grad
ient-stops:var(--tw-gra
dient-via-stops,var(--t
w-gradient-position), v
ar(--tw-gradient-from) 
var(--tw-gradient-from-
position), 
var(--tw-gradient-to) v
ar(--tw-gradient-to-pos
ition))}.to-blue-200{--
tw-gradient-to:var(--co
lor-blue-200);--tw-grad
ient-stops:var(--tw-gra
dient-via-stops,var(--t
w-gradient-position), v
ar(--tw-gradient-from) 
var(--tw-gradient-from-
position), 
var(--tw-gradient-to) v
ar(--tw-gradient-to-pos
ition))}.to-blue-600{--
tw-gradient-to:var(--co
lor-blue-600);--tw-grad
ient-stops:var(--tw-gra
dient-via-stops,var(--t
w-gradient-position), v
ar(--tw-gradient-from) 
var(--tw-gradient-from-
position), 
var(--tw-gradient-to) v
ar(--tw-gradient-to-pos
ition))}.to-blue-800{--
tw-gradient-to:var(--co
lor-blue-800);--tw-grad
ient-stops:var(--tw-gra
dient-via-stops,var(--t
w-gradient-position), v
ar(--tw-gradient-from) 
var(--tw-gradient-from-
position), 
var(--tw-gradient-to) v
ar(--tw-gradient-to-pos
ition))}.to-blue-900{--
tw-gradient-to:var(--co
lor-blue-900);--tw-grad
ient-stops:var(--tw-gra
dient-via-stops,var(--t
w-gradient-position), v
ar(--tw-gradient-from) 
var(--tw-gradient-from-
position), 
var(--tw-gradient-to) v
ar(--tw-gradient-to-pos
ition))}.to-red-800{--t
w-gradient-to:var(--col
or-red-800);--tw-gradie
nt-stops:var(--tw-gradi
ent-via-stops,var(--tw-
gradient-position), var
(--tw-gradient-from) va
r(--tw-gradient-from-po
sition), 
var(--tw-gradient-to) v
ar(--tw-gradient-to-pos
ition))}.to-slate-300{-
-tw-gradient-to:var(--c
olor-slate-300);--tw-gr
adient-stops:var(--tw-g
radient-via-stops,var(-
-tw-gradient-position),
 var(--tw-gradient-from
) var(--tw-gradient-fro
m-position), 
var(--tw-gradient-to) v
ar(--tw-gradient-to-pos
ition))}.to-slate-400{-
-tw-gradient-to:var(--c
olor-slate-400);--tw-gr
adient-stops:var(--tw-g
radient-via-stops,var(-
-tw-gradient-position),
 var(--tw-gradient-from
) var(--tw-gradient-fro
m-position), 
var(--tw-gradient-to) v
ar(--tw-gradient-to-pos
ition))}.to-transparent
{--tw-gradient-to:trans
parent;--tw-gradient-st
ops:var(--tw-gradient-v
ia-stops,var(--tw-gradi
ent-position), var(--tw
-gradient-from) var(--t
w-gradient-from-positio
n), 
var(--tw-gradient-to) v
ar(--tw-gradient-to-pos
ition))}.bg-clip-text{-
webkit-background-clip:
text;background-clip:te
xt}.bg-center{backgroun
d-position:50%}.fill-cu
rrent{fill:currentColor
}.object-contain{object
-fit:contain}.object-co
ver{object-fit:cover}.p
-1{padding:calc(var(--s
pacing) * 1)}.p-2{paddi
ng:calc(var(--spacing) 
* 2)}.p-3{padding:calc(
var(--spacing) * 3)}.p-
4{padding:calc(var(--sp
acing) * 4)}.p-5{paddin
g:calc(var(--spacing) 
* 5)}.p-6{padding:calc(
var(--spacing) * 6)}.p-
8{padding:calc(var(--sp
acing) * 8)}.p-10{paddi
ng:calc(var(--spacing) 
* 10)}.p-12{padding:cal
c(var(--spacing) * 12)}
.p-32{padding:calc(var(
--spacing) * 32)}.px-3{
padding-inline:calc(var
(--spacing) * 3)}.px-4{
padding-inline:calc(var
(--spacing) * 4)}.px-6{
padding-inline:calc(var
(--spacing) * 6)}.px-8{
padding-inline:calc(var
(--spacing) * 8)}.px-10
{padding-inline:calc(va
r(--spacing) * 10)}.py-
1{padding-block:calc(va
r(--spacing) * 1)}.py-2
{padding-block:calc(var
(--spacing) * 2)}.py-3{
padding-block:calc(var(
--spacing) * 3)}.py-3\.
5{padding-block:calc(va
r(--spacing) * 3.5)}.py
-4{padding-block:calc(v
ar(--spacing) * 4)}.py-
5{padding-block:calc(va
r(--spacing) * 5)}.py-1
2{padding-block:calc(va
r(--spacing) * 12)}.py-
16{padding-block:calc(v
ar(--spacing) * 16)}.py
-20{padding-block:calc(
var(--spacing) * 20)}.p
y-24{padding-block:calc
(var(--spacing) * 24)}.
pt-0{padding-top:calc(v
ar(--spacing) * 0)}.pt-
1{padding-top:calc(var(
--spacing) * 1)}.pt-2{p
adding-top:calc(var(--s
pacing) * 2)}.pt-4{padd
ing-top:calc(var(--spac
ing) * 4)}.pt-6{padding
-top:calc(var(--spacing
) * 6)}.pt-8{padding-to
p:calc(var(--spacing) 
* 8)}.pt-12{padding-top
:calc(var(--spacing) * 
12)}.pt-20{padding-top:
calc(var(--spacing) * 2
0)}.pr-4{padding-right:
calc(var(--spacing) * 4
)}.pr-6{padding-right:c
alc(var(--spacing) * 6)
}.pb-2{padding-bottom:c
alc(var(--spacing) * 2)
}.pb-4{padding-bottom:c
alc(var(--spacing) * 4)
}.pb-16{padding-bottom:
calc(var(--spacing) * 1
6)}.pb-24{padding-botto
m:calc(var(--spacing) 
* 24)}.pl-3{padding-lef
t:calc(var(--spacing) 
* 3)}.pl-6{padding-left
:calc(var(--spacing) * 
6)}.pl-10{padding-left:
calc(var(--spacing) * 1
0)}.pl-11{padding-left:
calc(var(--spacing) * 1
1)}.text-center{text-al
ign:center}.text-justif
y{text-align:justify}.t
ext-left{text-align:lef
t}.text-right{text-alig
n:right}.font-mono{font
-family:var(--font-mono
)}.font-sans{font-famil
y:var(--font-sans)}.tex
t-2xl{font-size:var(--t
ext-2xl);line-height:va
r(--tw-leading,var(--te
xt-2xl--line-height))}.
text-3xl{font-size:var(
--text-3xl);line-height
:var(--tw-leading,var(-
-text-3xl--line-height)
)}.text-4xl{font-size:v
ar(--text-4xl);line-hei
ght:var(--tw-leading,va
r(--text-4xl--line-heig
ht))}.text-5xl{font-siz
e:var(--text-5xl);line-
height:var(--tw-leading
,var(--text-5xl--line-h
eight))}.text-base{font
-size:var(--text-base);
line-height:var(--tw-le
ading,var(--text-base--
line-height))}.text-lg{
font-size:var(--text-lg
);line-height:var(--tw-
leading,var(--text-lg--
line-height))}.text-sm{
font-size:var(--text-sm
);line-height:var(--tw-
leading,var(--text-sm--
line-height))}.text-xl{
font-size:var(--text-xl
);line-height:var(--tw-
leading,var(--text-xl--
line-height))}.text-xs{
font-size:var(--text-xs
);line-height:var(--tw-
leading,var(--text-xs--
line-height))}.text-\[1
2px\]{font-size:12px}.t
ext-\[14px\]{font-size:
14px}.text-\[15px\]{fon
t-size:15px}.text-\[17p
x\]{font-size:17px}.tex
t-\[32px\]{font-size:32
px}.leading-relaxed{--t
w-leading:var(--leading
-relaxed);line-height:v
ar(--leading-relaxed)}.
leading-snug{--tw-leadi
ng:var(--leading-snug);
line-height:var(--leadi
ng-snug)}.leading-tight
{--tw-leading:var(--lea
ding-tight);line-height
:var(--leading-tight)}.
font-bold{--tw-font-wei
ght:var(--font-weight-b
old);font-weight:var(--
font-weight-bold)}.font
-extrabold{--tw-font-we
ight:var(--font-weight-
extrabold);font-weight:
var(--font-weight-extra
bold)}.font-medium{--tw
-font-weight:var(--font
-weight-medium);font-we
ight:var(--font-weight-
medium)}.font-semibold{
--tw-font-weight:var(--
font-weight-semibold);f
ont-weight:var(--font-w
eight-semibold)}.tracki
ng-tight{--tw-tracking:
var(--tracking-tight);l
etter-spacing:var(--tra
cking-tight)}.tracking-
wide{--tw-tracking:var(
--tracking-wide);letter
-spacing:var(--tracking
-wide)}.tracking-wider{
--tw-tracking:var(--tra
cking-wider);letter-spa
cing:var(--tracking-wid
er)}.tracking-widest{--
tw-tracking:var(--track
ing-widest);letter-spac
ing:var(--tracking-wide
st)}.whitespace-normal{
white-space:normal}.whi
tespace-nowrap{white-sp
ace:nowrap}.whitespace-
pre-line{white-space:pr
e-line}.text-\[\#0ea5e9
\]{color:#0ea5e9}.text-
\[\#1e5aa0\]{color:#1e5
aa0}.text-amber-500{col
or:var(--color-amber-50
0)}.text-amber-600{colo
r:var(--color-amber-600
)}.text-amber-900{color
:var(--color-amber-900)
}.text-blue-100{color:v
ar(--color-blue-100)}.t
ext-blue-200{color:var(
--color-blue-200)}.text
-blue-400{color:var(--c
olor-blue-400)}.text-bl
ue-500{color:var(--colo
r-blue-500)}.text-blue-
600{color:var(--color-b
lue-600)}.text-blue-600
\/70{color:#155dfcb3}@s
upports 
(color:color-mix(in 
lab, red, red)){.text-b
lue-600\/70{color:color
-mix(in oklab, 
var(--color-blue-600) 
70%, transparent)}}.tex
t-blue-700{color:var(--
color-blue-700)}.text-b
lue-700\/80{color:#1447
e6cc}@supports 
(color:color-mix(in 
lab, red, red)){.text-b
lue-700\/80{color:color
-mix(in oklab, 
var(--color-blue-700) 
80%, transparent)}}.tex
t-blue-800{color:var(--
color-blue-800)}.text-b
lue-900{color:var(--col
or-blue-900)}.text-oran
ge-700{color:var(--colo
r-orange-700)}.text-red
-100{color:var(--color-
red-100)}.text-red-400{
color:var(--color-red-4
00)}.text-red-500{color
:var(--color-red-500)}.
text-red-600{color:var(
--color-red-600)}.text-
red-700{color:var(--col
or-red-700)}.text-red-7
00\/80{color:#bf000fcc}
@supports 
(color:color-mix(in 
lab, red, red)){.text-r
ed-700\/80{color:color-
mix(in oklab, 
var(--color-red-700) 
80%, transparent)}}.tex
t-red-800{color:var(--c
olor-red-800)}.text-sla
te-300{color:var(--colo
r-slate-300)}.text-slat
e-400{color:var(--color
-slate-400)}.text-slate
-500{color:var(--color-
slate-500)}.text-slate-
600{color:var(--color-s
late-600)}.text-slate-7
00{color:var(--color-sl
ate-700)}.text-slate-80
0{color:var(--color-sla
te-800)}.text-slate-900
{color:var(--color-slat
e-900)}.text-teal-600{c
olor:var(--color-teal-6
00)}.text-transparent{c
olor:#0000}.text-white{
color:var(--color-white
)}.uppercase{text-trans
form:uppercase}.italic{
font-style:italic}.unde
rline{text-decoration-l
ine:underline}.antialia
sed{-webkit-font-smooth
ing:antialiased;-moz-os
x-font-smoothing:graysc
ale}.opacity-0{opacity:
0}.opacity-10{opacity:.
1}.opacity-20{opacity:.
2}.opacity-50{opacity:.
5}.opacity-60{opacity:.
6}.opacity-100{opacity:
1}.mix-blend-multiply{m
ix-blend-mode:multiply}
.shadow{--tw-shadow:0 
1px 3px 0 var(--tw-shad
ow-color,#0000001a), 0 
1px 2px -1px var(--tw-s
hadow-color,#0000001a);
box-shadow:var(--tw-ins
et-shadow), var(--tw-in
set-ring-shadow), var(-
-tw-ring-offset-shadow)
, 
var(--tw-ring-shadow), 
var(--tw-shadow)}.shado
w-2xl{--tw-shadow:0 
25px 50px -12px var(--t
w-shadow-color,#0000004
0);box-shadow:var(--tw-
inset-shadow), var(--tw
-inset-ring-shadow), va
r(--tw-ring-offset-shad
ow), 
var(--tw-ring-shadow), 
var(--tw-shadow)}.shado
w-lg{--tw-shadow:0 
10px 15px -3px var(--tw
-shadow-color,#0000001a
), 0 4px 6px -4px var(-
-tw-shadow-color,#00000
01a);box-shadow:var(--t
w-inset-shadow), var(--
tw-inset-ring-shadow), 
var(--tw-ring-offset-sh
adow), 
var(--tw-ring-shadow), 
var(--tw-shadow)}.shado
w-md{--tw-shadow:0 4px 
6px -1px var(--tw-shado
w-color,#0000001a), 0 
2px 4px -2px var(--tw-s
hadow-color,#0000001a);
box-shadow:var(--tw-ins
et-shadow), var(--tw-in
set-ring-shadow), var(-
-tw-ring-offset-shadow)
, 
var(--tw-ring-shadow), 
var(--tw-shadow)}.shado
w-sm{--tw-shadow:0 1px 
3px 0 var(--tw-shadow-c
olor,#0000001a), 0 1px 
2px -1px var(--tw-shado
w-color,#0000001a);box-
shadow:var(--tw-inset-s
hadow), var(--tw-inset-
ring-shadow), var(--tw-
ring-offset-shadow), 
var(--tw-ring-shadow), 
var(--tw-shadow)}.shado
w-xl{--tw-shadow:0 
20px 25px -5px var(--tw
-shadow-color,#0000001a
), 0 8px 10px -6px var(
--tw-shadow-color,#0000
001a);box-shadow:var(--
tw-inset-shadow), var(-
-tw-inset-ring-shadow),
 var(--tw-ring-offset-s
hadow), 
var(--tw-ring-shadow), 
var(--tw-shadow)}.shado
w-blue-200\/50{--tw-sha
dow-color:#bedbff80}@su
pports 
(color:color-mix(in 
lab, red, red)){.shadow
-blue-200\/50{--tw-shad
ow-color:color-mix(in 
oklab, color-mix(in 
oklab, 
var(--color-blue-200) 
50%, transparent) var(-
-tw-shadow-alpha), tran
sparent)}}.shadow-blue-
500\/20{--tw-shadow-col
or:#3080ff33}@supports 
(color:color-mix(in 
lab, red, red)){.shadow
-blue-500\/20{--tw-shad
ow-color:color-mix(in 
oklab, color-mix(in 
oklab, 
var(--color-blue-500) 
20%, transparent) var(-
-tw-shadow-alpha), tran
sparent)}}.shadow-blue-
500\/25{--tw-shadow-col
or:#3080ff40}@supports 
(color:color-mix(in 
lab, red, red)){.shadow
-blue-500\/25{--tw-shad
ow-color:color-mix(in 
oklab, color-mix(in 
oklab, 
var(--color-blue-500) 
25%, transparent) var(-
-tw-shadow-alpha), tran
sparent)}}.shadow-blue-
500\/30{--tw-shadow-col
or:#3080ff4d}@supports 
(color:color-mix(in 
lab, red, red)){.shadow
-blue-500\/30{--tw-shad
ow-color:color-mix(in 
oklab, color-mix(in 
oklab, 
var(--color-blue-500) 
30%, transparent) var(-
-tw-shadow-alpha), tran
sparent)}}.shadow-blue-
600\/20{--tw-shadow-col
or:#155dfc33}@supports 
(color:color-mix(in 
lab, red, red)){.shadow
-blue-600\/20{--tw-shad
ow-color:color-mix(in 
oklab, color-mix(in 
oklab, 
var(--color-blue-600) 
20%, transparent) var(-
-tw-shadow-alpha), tran
sparent)}}.shadow-red-6
00\/20{--tw-shadow-colo
r:#e4001433}@supports 
(color:color-mix(in 
lab, red, red)){.shadow
-red-600\/20{--tw-shado
w-color:color-mix(in 
oklab, color-mix(in 
oklab, 
var(--color-red-600) 
20%, transparent) var(-
-tw-shadow-alpha), tran
sparent)}}.shadow-slate
-200\/40{--tw-shadow-co
lor:#e2e8f066}@supports
 (color:color-mix(in 
lab, red, red)){.shadow
-slate-200\/40{--tw-sha
dow-color:color-mix(in 
oklab, color-mix(in 
oklab, 
var(--color-slate-200) 
40%, transparent) var(-
-tw-shadow-alpha), tran
sparent)}}.shadow-slate
-200\/50{--tw-shadow-co
lor:#e2e8f080}@supports
 (color:color-mix(in 
lab, red, red)){.shadow
-slate-200\/50{--tw-sha
dow-color:color-mix(in 
oklab, color-mix(in 
oklab, 
var(--color-slate-200) 
50%, transparent) var(-
-tw-shadow-alpha), tran
sparent)}}.blur{--tw-bl
ur:blur(8px);filter:var
(--tw-blur,) 
var(--tw-brightness,) 
var(--tw-contrast,) 
var(--tw-grayscale,) 
var(--tw-hue-rotate,) 
var(--tw-invert,) 
var(--tw-saturate,) 
var(--tw-sepia,) var(--
tw-drop-shadow,)}.blur-
2xl{--tw-blur:blur(var(
--blur-2xl));filter:var
(--tw-blur,) 
var(--tw-brightness,) 
var(--tw-contrast,) 
var(--tw-grayscale,) 
var(--tw-hue-rotate,) 
var(--tw-invert,) 
var(--tw-saturate,) 
var(--tw-sepia,) var(--
tw-drop-shadow,)}.blur-
3xl{--tw-blur:blur(var(
--blur-3xl));filter:var
(--tw-blur,) 
var(--tw-brightness,) 
var(--tw-contrast,) 
var(--tw-grayscale,) 
var(--tw-hue-rotate,) 
var(--tw-invert,) 
var(--tw-saturate,) 
var(--tw-sepia,) var(--
tw-drop-shadow,)}.grays
cale{--tw-grayscale:gra
yscale(100%);filter:var
(--tw-blur,) 
var(--tw-brightness,) 
var(--tw-contrast,) 
var(--tw-grayscale,) 
var(--tw-hue-rotate,) 
var(--tw-invert,) 
var(--tw-saturate,) 
var(--tw-sepia,) var(--
tw-drop-shadow,)}.filte
r{filter:var(--tw-blur,
) 
var(--tw-brightness,) 
var(--tw-contrast,) 
var(--tw-grayscale,) 
var(--tw-hue-rotate,) 
var(--tw-invert,) 
var(--tw-saturate,) 
var(--tw-sepia,) var(--
tw-drop-shadow,)}.backd
rop-blur{--tw-backdrop-
blur:blur(8px);-webkit-
backdrop-filter:var(--t
w-backdrop-blur,) var(-
-tw-backdrop-brightness
,) var(--tw-backdrop-co
ntrast,) var(--tw-backd
rop-grayscale,) var(--t
w-backdrop-hue-rotate,)
 var(--tw-backdrop-inve
rt,) var(--tw-backdrop-
opacity,) var(--tw-back
drop-saturate,) var(--t
w-backdrop-sepia,);back
drop-filter:var(--tw-ba
ckdrop-blur,) var(--tw-
backdrop-brightness,) v
ar(--tw-backdrop-contra
st,) var(--tw-backdrop-
grayscale,) var(--tw-ba
ckdrop-hue-rotate,) var
(--tw-backdrop-invert,)
 var(--tw-backdrop-opac
ity,) var(--tw-backdrop
-saturate,) var(--tw-ba
ckdrop-sepia,)}.backdro
p-blur-sm{--tw-backdrop
-blur:blur(var(--blur-s
m));-webkit-backdrop-fi
lter:var(--tw-backdrop-
blur,) var(--tw-backdro
p-brightness,) var(--tw
-backdrop-contrast,) va
r(--tw-backdrop-graysca
le,) var(--tw-backdrop-
hue-rotate,) var(--tw-b
ackdrop-invert,) var(--
tw-backdrop-opacity,) v
ar(--tw-backdrop-satura
te,) var(--tw-backdrop-
sepia,);backdrop-filter
:var(--tw-backdrop-blur
,) var(--tw-backdrop-br
ightness,) var(--tw-bac
kdrop-contrast,) var(--
tw-backdrop-grayscale,)
 var(--tw-backdrop-hue-
rotate,) var(--tw-backd
rop-invert,) var(--tw-b
ackdrop-opacity,) var(-
-tw-backdrop-saturate,)
 var(--tw-backdrop-sepi
a,)}.transition{transit
ion-property:color,back
ground-color,border-col
or,outline-color,text-d
ecoration-color,fill,st
roke,--tw-gradient-from
,--tw-gradient-via,--tw
-gradient-to,opacity,bo
x-shadow,transform,tran
slate,scale,rotate,filt
er,-webkit-backdrop-fil
ter,backdrop-filter,dis
play,content-visibility
,overlay,pointer-events
;transition-timing-func
tion:var(--tw-ease,var(
--default-transition-ti
ming-function));transit
ion-duration:var(--tw-d
uration,var(--default-t
ransition-duration))}.t
ransition-\[grid-templa
te-rows\]{transition-pr
operty:grid-template-ro
ws;transition-timing-fu
nction:var(--tw-ease,va
r(--default-transition-
timing-function));trans
ition-duration:var(--tw
-duration,var(--default
-transition-duration))}
.transition-all{transit
ion-property:all;transi
tion-timing-function:va
r(--tw-ease,var(--defau
lt-transition-timing-fu
nction));transition-dur
ation:var(--tw-duration
,var(--default-transiti
on-duration))}.transiti
on-colors{transition-pr
operty:color,background
-color,border-color,out
line-color,text-decorat
ion-color,fill,stroke,-
-tw-gradient-from,--tw-
gradient-via,--tw-gradi
ent-to;transition-timin
g-function:var(--tw-eas
e,var(--default-transit
ion-timing-function));t
ransition-duration:var(
--tw-duration,var(--def
ault-transition-duratio
n))}.transition-opacity
{transition-property:op
acity;transition-timing
-function:var(--tw-ease
,var(--default-transiti
on-timing-function));tr
ansition-duration:var(-
-tw-duration,var(--defa
ult-transition-duration
))}.transition-transfor
m{transition-property:t
ransform,translate,scal
e,rotate;transition-tim
ing-function:var(--tw-e
ase,var(--default-trans
ition-timing-function))
;transition-duration:va
r(--tw-duration,var(--d
efault-transition-durat
ion))}.duration-200{--t
w-duration:.2s;transiti
on-duration:.2s}.durati
on-300{--tw-duration:.3
s;transition-duration:.
3s}.duration-500{--tw-d
uration:.5s;transition-
duration:.5s}.ease-in-o
ut{--tw-ease:var(--ease
-in-out);transition-tim
ing-function:var(--ease
-in-out)}.outline-none{
--tw-outline-style:none
;outline-style:none}.se
lect-none{-webkit-user-
select:none;user-select
:none}@media (hover:hov
er){.group-hover\:trans
late-x-0:is(:where(.gro
up):hover *){--tw-trans
late-x:calc(var(--spaci
ng) * 0);translate:var(
--tw-translate-x) var(-
-tw-translate-y)}.group
-hover\:translate-x-0\.
5:is(:where(.group):hov
er *){--tw-translate-x:
calc(var(--spacing) * .
5);translate:var(--tw-t
ranslate-x) var(--tw-tr
anslate-y)}.group-hover
\:translate-x-1:is(:whe
re(.group):hover *){--t
w-translate-x:calc(var(
--spacing) * 1);transla
te:var(--tw-translate-x
) var(--tw-translate-y)
}.group-hover\:translat
e-x-2:is(:where(.group)
:hover *){--tw-translat
e-x:calc(var(--spacing)
 * 2);translate:var(--t
w-translate-x) var(--tw
-translate-y)}.group-ho
ver\:scale-105:is(:wher
e(.group):hover *){--tw
-scale-x:105%;--tw-scal
e-y:105%;--tw-scale-z:1
05%;scale:var(--tw-scal
e-x) var(--tw-scale-y)}
.group-hover\:scale-110
:is(:where(.group):hove
r *){--tw-scale-x:110%;
--tw-scale-y:110%;--tw-
scale-z:110%;scale:var(
--tw-scale-x) var(--tw-
scale-y)}.group-hover\:
gap-2:is(:where(.group)
:hover *){gap:calc(var(
--spacing) * 2)}.group-
hover\:bg-blue-50:is(:w
here(.group):hover *){b
ackground-color:var(--c
olor-blue-50)}.group-ho
ver\:bg-blue-600:is(:wh
ere(.group):hover *){ba
ckground-color:var(--co
lor-blue-600)}.group-ho
ver\:text-blue-500:is(:
where(.group):hover *){
color:var(--color-blue-
500)}.group-hover\:text
-blue-600:is(:where(.gr
oup):hover *){color:var
(--color-blue-600)}.gro
up-hover\:text-blue-700
:is(:where(.group):hove
r *){color:var(--color-
blue-700)}.group-hover\
:text-slate-700:is(:whe
re(.group):hover *){col
or:var(--color-slate-70
0)}.group-hover\:text-w
hite:is(:where(.group):
hover *){color:var(--co
lor-white)}.group-hover
\:opacity-100:is(:where
(.group):hover *){opaci
ty:1}}.before\:absolute
:before{content:var(--t
w-content);position:abs
olute}.before\:top-2:be
fore{content:var(--tw-c
ontent);top:calc(var(--
spacing) * 2)}.before\:
bottom-2:before{content
:var(--tw-content);bott
om:calc(var(--spacing) 
* 2)}.before\:left-3:be
fore{content:var(--tw-c
ontent);left:calc(var(-
-spacing) * 3)}.before\
:w-0\.5:before{content:
var(--tw-content);width
:calc(var(--spacing) * 
.5)}.before\:bg-slate-2
00:before{content:var(-
-tw-content);background
-color:var(--color-slat
e-200)}.last\:mb-0:last
-child{margin-bottom:ca
lc(var(--spacing) * 
0)}@media (hover:hover)
{.hover\:-translate-y-1
:hover{--tw-translate-y
:calc(var(--spacing) * 
-1);translate:var(--tw-
translate-x) var(--tw-t
ranslate-y)}.hover\:-tr
anslate-y-2:hover{--tw-
translate-y:calc(var(--
spacing) * -2);translat
e:var(--tw-translate-x)
 var(--tw-translate-y)}
.hover\:scale-105:hover
{--tw-scale-x:105%;--tw
-scale-y:105%;--tw-scal
e-z:105%;scale:var(--tw
-scale-x) var(--tw-scal
e-y)}.hover\:border-amb
er-500\/30:hover{border
-color:#f99c004d}@suppo
rts 
(color:color-mix(in 
lab, red, red)){.hover\
:border-amber-500\/30:h
over{border-color:color
-mix(in oklab, 
var(--color-amber-500) 
30%, transparent)}}.hov
er\:border-blue-200:hov
er{border-color:var(--c
olor-blue-200)}.hover\:
border-blue-400:hover{b
order-color:var(--color
-blue-400)}.hover\:bord
er-blue-500:hover{borde
r-color:var(--color-blu
e-500)}.hover\:border-b
lue-500\/30:hover{borde
r-color:#3080ff4d}@supp
orts 
(color:color-mix(in 
lab, red, red)){.hover\
:border-blue-500\/30:ho
ver{border-color:color-
mix(in oklab, 
var(--color-blue-500) 
30%, transparent)}}.hov
er\:border-blue-500\/50
:hover{border-color:#30
80ff80}@supports 
(color:color-mix(in 
lab, red, red)){.hover\
:border-blue-500\/50:ho
ver{border-color:color-
mix(in oklab, 
var(--color-blue-500) 
50%, transparent)}}.hov
er\:border-red-500\/30:
hover{border-color:#fb2
c364d}@supports 
(color:color-mix(in 
lab, red, red)){.hover\
:border-red-500\/30:hov
er{border-color:color-m
ix(in oklab, 
var(--color-red-500) 
30%, transparent)}}.hov
er\:border-red-500\/50:
hover{border-color:#fb2
c3680}@supports 
(color:color-mix(in 
lab, red, red)){.hover\
:border-red-500\/50:hov
er{border-color:color-m
ix(in oklab, 
var(--color-red-500) 
50%, transparent)}}.hov
er\:border-slate-400:ho
ver{border-color:var(--
color-slate-400)}.hover
\:border-teal-500\/30:h
over{border-color:#00ba
a74d}@supports 
(color:color-mix(in 
lab, red, red)){.hover\
:border-teal-500\/30:ho
ver{border-color:color-
mix(in oklab, 
var(--color-teal-500) 
30%, transparent)}}.hov
er\:bg-blue-50:hover{ba
ckground-color:var(--co
lor-blue-50)}.hover\:bg
-blue-400:hover{backgro
und-color:var(--color-b
lue-400)}.hover\:bg-blu
e-500:hover{background-
color:var(--color-blue-
500)}.hover\:bg-blue-60
0:hover{background-colo
r:var(--color-blue-600)
}.hover\:bg-blue-700:ho
ver{background-color:va
r(--color-blue-700)}.ho
ver\:bg-blue-800\/50:ho
ver{background-color:#1
93cb880}@supports 
(color:color-mix(in 
lab, red, red)){.hover\
:bg-blue-800\/50:hover{
background-color:color-
mix(in oklab, 
var(--color-blue-800) 
50%, transparent)}}.hov
er\:bg-red-50:hover{bac
kground-color:var(--col
or-red-50)}.hover\:bg-r
ed-700:hover{background
-color:var(--color-red-
700)}.hover\:bg-slate-5
0:hover{background-colo
r:var(--color-slate-50)
}.hover\:bg-slate-100:h
over{background-color:v
ar(--color-slate-100)}.
hover\:bg-slate-200:hov
er{background-color:var
(--color-slate-200)}.ho
ver\:bg-white\/10:hover
{background-color:#ffff
ff1a}@supports 
(color:color-mix(in 
lab, red, red)){.hover\
:bg-white\/10:hover{bac
kground-color:color-mix
(in oklab, 
var(--color-white) 
10%, transparent)}}.hov
er\:text-blue-400:hover
{color:var(--color-blue
-400)}.hover\:text-blue
-600:hover{color:var(--
color-blue-600)}.hover\
:text-blue-700:hover{co
lor:var(--color-blue-70
0)}.hover\:text-red-900
:hover{color:var(--colo
r-red-900)}.hover\:text
-white:hover{color:var(
--color-white)}.hover\:
underline:hover{text-de
coration-line:underline
}.hover\:shadow-2xl:hov
er{--tw-shadow:0 25px 
50px -12px var(--tw-sha
dow-color,#00000040);bo
x-shadow:var(--tw-inset
-shadow), var(--tw-inse
t-ring-shadow), var(--t
w-ring-offset-shadow), 
var(--tw-ring-shadow), 
var(--tw-shadow)}.hover
\:shadow-lg:hover{--tw-
shadow:0 10px 15px 
-3px var(--tw-shadow-co
lor,#0000001a), 0 4px 
6px -4px var(--tw-shado
w-color,#0000001a);box-
shadow:var(--tw-inset-s
hadow), var(--tw-inset-
ring-shadow), var(--tw-
ring-offset-shadow), 
var(--tw-ring-shadow), 
var(--tw-shadow)}.hover
\:shadow-md:hover{--tw-
shadow:0 4px 6px -1px v
ar(--tw-shadow-color,#0
000001a), 0 2px 4px 
-2px var(--tw-shadow-co
lor,#0000001a);box-shad
ow:var(--tw-inset-shado
w), var(--tw-inset-ring
-shadow), var(--tw-ring
-offset-shadow), 
var(--tw-ring-shadow), 
var(--tw-shadow)}.hover
\:shadow-xl:hover{--tw-
shadow:0 20px 25px 
-5px var(--tw-shadow-co
lor,#0000001a), 0 8px 
10px -6px var(--tw-shad
ow-color,#0000001a);box
-shadow:var(--tw-inset-
shadow), var(--tw-inset
-ring-shadow), var(--tw
-ring-offset-shadow), 
var(--tw-ring-shadow), 
var(--tw-shadow)}.hover
\:shadow-blue-500\/25:h
over{--tw-shadow-color:
#3080ff40}@supports 
(color:color-mix(in 
lab, red, red)){.hover\
:shadow-blue-500\/25:ho
ver{--tw-shadow-color:c
olor-mix(in oklab, 
color-mix(in oklab, 
var(--color-blue-500) 
25%, transparent) var(-
-tw-shadow-alpha), tran
sparent)}}.hover\:shado
w-blue-500\/30:hover{--
tw-shadow-color:#3080ff
4d}@supports 
(color:color-mix(in 
lab, red, red)){.hover\
:shadow-blue-500\/30:ho
ver{--tw-shadow-color:c
olor-mix(in oklab, 
color-mix(in oklab, 
var(--color-blue-500) 
30%, transparent) var(-
-tw-shadow-alpha), tran
sparent)}}.hover\:shado
w-slate-200\/60:hover{-
-tw-shadow-color:#e2e8f
099}@supports 
(color:color-mix(in 
lab, red, red)){.hover\
:shadow-slate-200\/60:h
over{--tw-shadow-color:
color-mix(in oklab, 
color-mix(in oklab, 
var(--color-slate-200) 
60%, transparent) var(-
-tw-shadow-alpha), tran
sparent)}}.hover\:grays
cale-0:hover{--tw-grays
cale:grayscale(0%);filt
er:var(--tw-blur,) 
var(--tw-brightness,) 
var(--tw-contrast,) 
var(--tw-grayscale,) 
var(--tw-hue-rotate,) 
var(--tw-invert,) 
var(--tw-saturate,) 
var(--tw-sepia,) var(--
tw-drop-shadow,)}}.focu
s\:border-blue-500:focu
s{border-color:var(--co
lor-blue-500)}.focus\:b
order-red-500:focus{bor
der-color:var(--color-r
ed-500)}.focus\:bg-whit
e:focus{background-colo
r:var(--color-white)}.f
ocus\:ring-2:focus{--tw
-ring-shadow:var(--tw-r
ing-inset,) 0 0 0 
calc(2px + var(--tw-rin
g-offset-width)) var(--
tw-ring-color,currentco
lor);box-shadow:var(--t
w-inset-shadow), var(--
tw-inset-ring-shadow), 
var(--tw-ring-offset-sh
adow), 
var(--tw-ring-shadow), 
var(--tw-shadow)}.focus
\:ring-blue-500:focus{-
-tw-ring-color:var(--co
lor-blue-500)}.focus\:r
ing-blue-500\/20:focus{
--tw-ring-color:#3080ff
33}@supports 
(color:color-mix(in 
lab, red, red)){.focus\
:ring-blue-500\/20:focu
s{--tw-ring-color:color
-mix(in oklab, 
var(--color-blue-500) 
20%, transparent)}}.foc
us\:ring-red-500:focus{
--tw-ring-color:var(--c
olor-red-500)}.focus\:r
ing-red-500\/20:focus{-
-tw-ring-color:#fb2c363
3}@supports 
(color:color-mix(in 
lab, red, red)){.focus\
:ring-red-500\/20:focus
{--tw-ring-color:color-
mix(in oklab, 
var(--color-red-500) 
20%, transparent)}}.foc
us\:outline-none:focus{
--tw-outline-style:none
;outline-style:none}.fo
cus-visible\:ring-2:foc
us-visible{--tw-ring-sh
adow:var(--tw-ring-inse
t,) 0 0 0 calc(2px + va
r(--tw-ring-offset-widt
h)) var(--tw-ring-color
,currentcolor);box-shad
ow:var(--tw-inset-shado
w), var(--tw-inset-ring
-shadow), var(--tw-ring
-offset-shadow), 
var(--tw-ring-shadow), 
var(--tw-shadow)}.focus
-visible\:ring-blue-500
:focus-visible{--tw-rin
g-color:var(--color-blu
e-500)}.active\:scale-9
5:active{--tw-scale-x:9
5%;--tw-scale-y:95%;--t
w-scale-z:95%;scale:var
(--tw-scale-x) var(--tw
-scale-y)}.active\:scal
e-\[0\.98\]:active{scal
e:.98}.disabled\:pointe
r-events-none:disabled{
pointer-events:none}.di
sabled\:opacity-40:disa
bled{opacity:.4}.disabl
ed\:opacity-50:disabled
{opacity:.5}@media (min
-width:40rem){.sm\:hidd
en{display:none}.sm\:in
line{display:inline}.sm
\:inline-block{display:
inline-block}.sm\:h-aut
o{height:auto}.sm\:w-2\
/5{width:40%}.sm\:w-3\/
5{width:60%}.sm\:flex-r
ow{flex-direction:row}.
sm\:px-6{padding-inline
:calc(var(--spacing) * 
6)}}@media (min-width:4
8rem){.md\:col-span-2{g
rid-column:span 2/span 
2}.md\:block{display:bl
ock}.md\:flex{display:f
lex}.md\:hidden{display
:none}.md\:aspect-\[2\/
1\]{aspect-ratio:2}.md\
:aspect-\[21\/9\]{aspec
t-ratio:21/9}.md\:h-40{
height:calc(var(--spaci
ng) * 40)}.md\:h-\[65\%
\]{height:65%}.md\:h-\[
450px\]{height:450px}.m
d\:h-full{height:100%}.
md\:w-40{width:calc(var
(--spacing) * 40)}.md\:
scale-105{--tw-scale-x:
105%;--tw-scale-y:105%;
--tw-scale-z:105%;scale
:var(--tw-scale-x) var(
--tw-scale-y)}.md\:grid
-cols-2{grid-template-c
olumns:repeat(2,minmax(
0,1fr))}.md\:grid-cols-
3{grid-template-columns
:repeat(3,minmax(0,1fr)
)}.md\:flex-row{flex-di
rection:row}.md\:justif
y-start{justify-content
:flex-start}:where(.md\
:space-y-28>:not(:last-
child)){--tw-space-y-re
verse:0;margin-block-st
art:calc(calc(var(--spa
cing) * 28) * var(--tw-
space-y-reverse));margi
n-block-end:calc(calc(v
ar(--spacing) * 28) * 
calc(1 - var(--tw-space
-y-reverse)))}.md\:gap-
x-12{column-gap:calc(va
r(--spacing) * 12)}.md\
:gap-y-16{row-gap:calc(
var(--spacing) * 16)}.m
d\:self-center{align-se
lf:center}.md\:p-10{pad
ding:calc(var(--spacing
) * 10)}.md\:p-12{paddi
ng:calc(var(--spacing) 
* 12)}.md\:p-16{padding
:calc(var(--spacing) * 
16)}.md\:py-32{padding-
block:calc(var(--spacin
g) * 32)}.md\:pb-0{padd
ing-bottom:calc(var(--s
pacing) * 0)}.md\:text-
left{text-align:left}.m
d\:text-2xl{font-size:v
ar(--text-2xl);line-hei
ght:var(--tw-leading,va
r(--text-2xl--line-heig
ht))}.md\:text-4xl{font
-size:var(--text-4xl);l
ine-height:var(--tw-lea
ding,var(--text-4xl--li
ne-height))}.md\:text-5
xl{font-size:var(--text
-5xl);line-height:var(-
-tw-leading,var(--text-
5xl--line-height))}.md\
:text-6xl{font-size:var
(--text-6xl);line-heigh
t:var(--tw-leading,var(
--text-6xl--line-height
))}.md\:text-7xl{font-s
ize:var(--text-7xl);lin
e-height:var(--tw-leadi
ng,var(--text-7xl--line
-height))}.md\:text-bas
e{font-size:var(--text-
base);line-height:var(-
-tw-leading,var(--text-
base--line-height))}.md
\:text-xl{font-size:var
(--text-xl);line-height
:var(--tw-leading,var(-
-text-xl--line-height))
}.md\:text-\[13px\]{fon
t-size:13px}.md\:text-\
[16px\]{font-size:16px}
.md\:text-\[40px\]{font
-size:40px}}@media (min
-width:64rem){.lg\:orde
r-1{order:1}.lg\:order-
2{order:2}.lg\:col-span
-1{grid-column:span 
1/span 1}.lg\:col-span-
2{grid-column:span 
2/span 2}.lg\:flex{disp
lay:flex}.lg\:w-1\/2{wi
dth:50%}.lg\:grid-cols-
2{grid-template-columns
:repeat(2,minmax(0,1fr)
)}.lg\:grid-cols-3{grid
-template-columns:repea
t(3,minmax(0,1fr))}.lg\
:grid-cols-4{grid-templ
ate-columns:repeat(4,mi
nmax(0,1fr))}.lg\:flex-
row{flex-direction:row}
.lg\:gap-16{gap:calc(va
r(--spacing) * 16)}.lg\
:px-8{padding-inline:ca
lc(var(--spacing) * 8)}
.lg\:py-32{padding-bloc
k:calc(var(--spacing) 
* 32)}}.text-balance{te
xt-wrap:balance}.animat
ion-delay-2000{animatio
n-delay:2s}.animation-d
elay-4000{animation-del
ay:4s}}:root{--backgrou
nd:#f8fafc;--foreground
:#0f172a}@media (prefer
s-color-scheme:dark){:r
oot{--background:#f8faf
c;--foreground:#0f172a}
}body{color:var(--foreg
round);background:var(-
-background);-webkit-fo
nt-smoothing:antialiase
d;-moz-osx-font-smoothi
ng:grayscale;font-famil
y:Arial,Helvetica,sans-
serif}@keyframes blob{0
%{transform:translate(0
)scale(1)}33%{transform
:translate(30px,-50px)s
cale(1.1)}66%{transform
:translate(-20px,20px)s
cale(.9)}to{transform:t
ranslate(0)scale(1)}}.a
nimate-blob{animation:7
s infinite 
blob}@property --tw-tra
nslate-x{syntax:"*";inh
erits:false;initial-val
ue:0}@property --tw-tra
nslate-y{syntax:"*";inh
erits:false;initial-val
ue:0}@property --tw-tra
nslate-z{syntax:"*";inh
erits:false;initial-val
ue:0}@property --tw-rot
ate-x{syntax:"*";inheri
ts:false}@property --tw
-rotate-y{syntax:"*";in
herits:false}@property 
--tw-rotate-z{syntax:"*
";inherits:false}@prope
rty --tw-skew-x{syntax:
"*";inherits:false}@pro
perty --tw-skew-y{synta
x:"*";inherits:false}@p
roperty --tw-space-y-re
verse{syntax:"*";inheri
ts:false;initial-value:
0}@property --tw-border
-style{syntax:"*";inher
its:false;initial-value
:solid}@property --tw-g
radient-position{syntax
:"*";inherits:false}@pr
operty --tw-gradient-fr
om{syntax:"<color>";inh
erits:false;initial-val
ue:#0000}@property --tw
-gradient-via{syntax:"<
color>";inherits:false;
initial-value:#0000}@pr
operty --tw-gradient-to
{syntax:"<color>";inher
its:false;initial-value
:#0000}@property --tw-g
radient-stops{syntax:"*
";inherits:false}@prope
rty --tw-gradient-via-s
tops{syntax:"*";inherit
s:false}@property --tw-
gradient-from-position{
syntax:"<length-percent
age>";inherits:false;in
itial-value:0%}@propert
y --tw-gradient-via-pos
ition{syntax:"<length-p
ercentage>";inherits:fa
lse;initial-value:50%}@
property --tw-gradient-
to-position{syntax:"<le
ngth-percentage>";inher
its:false;initial-value
:100%}@property --tw-le
ading{syntax:"*";inheri
ts:false}@property --tw
-font-weight{syntax:"*"
;inherits:false}@proper
ty --tw-tracking{syntax
:"*";inherits:false}@pr
operty --tw-shadow{synt
ax:"*";inherits:false;i
nitial-value:0 0 
#0000}@property --tw-sh
adow-color{syntax:"*";i
nherits:false}@property
 --tw-shadow-alpha{synt
ax:"<percentage>";inher
its:false;initial-value
:100%}@property --tw-in
set-shadow{syntax:"*";i
nherits:false;initial-v
alue:0 0 
#0000}@property --tw-in
set-shadow-color{syntax
:"*";inherits:false}@pr
operty --tw-inset-shado
w-alpha{syntax:"<percen
tage>";inherits:false;i
nitial-value:100%}@prop
erty --tw-ring-color{sy
ntax:"*";inherits:false
}@property --tw-ring-sh
adow{syntax:"*";inherit
s:false;initial-value:0
 0 #0000}@property --tw
-inset-ring-color{synta
x:"*";inherits:false}@p
roperty --tw-inset-ring
-shadow{syntax:"*";inhe
rits:false;initial-valu
e:0 0 #0000}@property -
-tw-ring-inset{syntax:"
*";inherits:false}@prop
erty --tw-ring-offset-w
idth{syntax:"<length>";
inherits:false;initial-
value:0}@property --tw-
ring-offset-color{synta
x:"*";inherits:false;in
itial-value:#fff}@prope
rty --tw-ring-offset-sh
adow{syntax:"*";inherit
s:false;initial-value:0
 0 #0000}@property --tw
-blur{syntax:"*";inheri
ts:false}@property --tw
-brightness{syntax:"*";
inherits:false}@propert
y --tw-contrast{syntax:
"*";inherits:false}@pro
perty --tw-grayscale{sy
ntax:"*";inherits:false
}@property --tw-hue-rot
ate{syntax:"*";inherits
:false}@property --tw-i
nvert{syntax:"*";inheri
ts:false}@property --tw
-opacity{syntax:"*";inh
erits:false}@property -
-tw-saturate{syntax:"*"
;inherits:false}@proper
ty --tw-sepia{syntax:"*
";inherits:false}@prope
rty --tw-drop-shadow{sy
ntax:"*";inherits:false
}@property --tw-drop-sh
adow-color{syntax:"*";i
nherits:false}@property
 --tw-drop-shadow-alpha
{syntax:"<percentage>";
inherits:false;initial-
value:100%}@property --
tw-drop-shadow-size{syn
tax:"*";inherits:false}
@property --tw-backdrop
-blur{syntax:"*";inheri
ts:false}@property --tw
-backdrop-brightness{sy
ntax:"*";inherits:false
}@property --tw-backdro
p-contrast{syntax:"*";i
nherits:false}@property
 --tw-backdrop-grayscal
e{syntax:"*";inherits:f
alse}@property --tw-bac
kdrop-hue-rotate{syntax
:"*";inherits:false}@pr
operty --tw-backdrop-in
vert{syntax:"*";inherit
s:false}@property --tw-
backdrop-opacity{syntax
:"*";inherits:false}@pr
operty --tw-backdrop-sa
turate{syntax:"*";inher
its:false}@property --t
w-backdrop-sepia{syntax
:"*";inherits:false}@pr
operty --tw-duration{sy
ntax:"*";inherits:false
}@property --tw-ease{sy
ntax:"*";inherits:false
}@property --tw-scale-x
{syntax:"*";inherits:fa
lse;initial-value:1}@pr
operty --tw-scale-y{syn
tax:"*";inherits:false;
initial-value:1}@proper
ty --tw-scale-z{syntax:
"*";inherits:false;init
ial-value:1}@property -
-tw-content{syntax:"*";
inherits:false;initial-
value:""}@keyframes spi
n{to{transform:rotate(3
60deg)}}[39m
[31m[1m>[22m[39m[9
0m 3 |[39m
 [90m   |[39m [31m[
1m^[22m[39m[0m



Import trace:
  Client Component 
Browser:
    
./src/app/globals.css 
[Client Component 
Browser]
    
./src/app/layout.tsx 
[Server Component]

https://nextjs.org/docs
/messages/module-not-fo
und


    at <unknown> (./src
/app/globals.css:3:2610
1)
    at <unknown> (https
://nextjs.org/docs/mess
ages/module-not-found)
